doc_modified,size_bytes,path
2011-02-11,19982,"SUN I&AM/Oracle OpenSSO Install.docx"
2014-02-21,19297,"SUN I&AM/OIT-D877GF1 Set-up.docx"
2014-03-11,18990,"SUN I&AM/OIT-D877GF1 User Setup.docx"
2014-04-30,92984,"Web BARTS/BART185 Automated Mainframe Integration technical Specification Document.docx"
2015-02-02,20757,"AOC/test.xlsx"
2015-02-24,38053,"TRA/TRA Daily Date Processing Flowchart.docx"
2015-02-25,30031,"LOOPS/FSTRUC Yearly JOB=L2YRSAFE.docx"
2015-02-25,29695,"LOOPS/FSTRUC Yearly JOB=L205YD.docx"
2015-02-25,29016,"LOOPS/FSTRUC Yearly JOB=L203AS.docx"
2015-02-25,29008,"LOOPS/FSTRUC Yearly JOB=L204DFYR.docx"
2015-02-25,29103,"LOOPS/FSTRUC Yearly JOB=L201YA.docx"
2015-02-25,29081,"LOOPS/FSTRUC Yearly JOB=L203OE.docx"
2015-02-25,29132,"LOOPS/FSTRUC Yearly JOB=L2ITDMY.docx"
2015-02-26,42495,"TRA/TRA Daily Refund Synchronization Processing Flowchart.docx"
2015-02-26,43332,"TRA/TRA Daily Orientation Scheduling Processing Flowchart.docx"
2015-02-26,39630,"TRA/TRA Weekly Check Printing Processing Flowchart.docx"
2015-02-26,38912,"TRA/TRA Weekly Monetary Determination Processing Flowchart.docx"
2015-02-26,38862,"TRA/TRA Weekly Garnishment Processing Flowchart.docx"
2015-02-26,39853,"TRA/TRA Monthly Monetary Determination Processing Flowchart.docx"
2015-02-26,39759,"TRA/TRA Monthly Payment Processing Flowchart.docx"
2015-02-26,38714,"TRA/TRA Yearly  Processing Flowchart.docx"
2015-02-26,38905,"TRA/TRA Quarterly Extract  Processing Flowchart.docx"
2015-02-26,39971,"TRA/TRA Quarterly TAPR Extract  Processing Flowchart.docx"
2015-02-26,38847,"TRA/TRA Quarterly Report  Processing Flowchart.docx"
2015-02-26,38888,"TRA/TRA Request  Processing Flowchart.docx"
2015-02-27,27814,"LOOPS/FSTRUC Monthly.docx"
2015-03-09,18546,"SUN I&AM/User Instructions.docx"
2015-03-16,40562,"New Hire/New Hire Monthly Processing Flowchart.docx"
2015-03-16,1235602,"New Hire/New Hire Quarterly Processing .docx"
2015-04-01,1239509,"New Hire/New Hire Monthly Processing .docx"
2015-04-14,43531,"TRA/Deceased Crossmatch/Deceased CrossMatch Weekly Processing Flowchart.docx"
2015-04-14,1344663,"TRA/Deceased Crossmatch/Deceased Crossmatch Weekly Processing.docx"
2015-04-20,1052190,"COURTS/COURTS Processing.docx"
2015-04-21,1982880,"EA/EA_TaxAppMenus.docx"
2015-04-23,25024,"New Hire/New Hire Weekly FSTRUC.docx"
2015-04-23,39914,"New Hire/New Hire Weekly Processing Flowchart.docx"
2015-05-08,60396,"LOOPS/LOOPS IMS DATABASE HIERARCHY CHART.docx"
2015-05-13,1039636,"SUN I&AM/Sun I&AM Processing.docx"
2015-05-15,47818,"Web BARTS/BART185 BATCH STREAM.docx"
2015-05-20,43695,"Web BARTS/BART185 Automated ONLINE UPDATE.docx"
2015-05-27,32775,"LOOPS/LOOPS Code Information.docx"
2015-05-29,128550,"LOOPS/LOOPS ONLINE Processing/C010 INITIAL CLAIM ENTRY - program flow.docx"
2015-06-01,1037815,"LOOPS/LOOPS ONLINE Processing/Common Modules/DXCD034S.docx"
2015-06-10,1241334,"OLS Quaterly process.docx"
2015-06-30,15475021,"EA/EA System Application Manual.docx"
2015-10-06,1226233,"TRA/TRA Yearly Processing.docx"
2015-10-06,1515162,"Web BARTS/WEB BARTS ONLINE (original).docx"
2015-10-07,1675580,"TRA/TRA Quarterly Processing.docx"
2015-10-08,1479315,"TRA/TRA Monthly Processing.docx"
2015-10-13,1630524,"TRA/TRA Weekly Processing.docx"
2015-10-26,46797,"TRA/TRA On Call Information.docx"
2015-10-26,26019,"TRA/TRA Production Issues.docx"
2015-11-04,46032,"TRA/TRA Daily Payment Processing Flowchart.docx"
2016-01-19,26334,"LOOPS/LOOPS Modification to programs.docx"
2016-02-10,34154,"LOOPS/FSTRUC Quarterly JOB=L2CRE.docx"
2016-02-10,34262,"LOOPS/FSTRUC Quarterly JOB=L2CRE2.docx"
2016-02-10,33536,"LOOPS/FSTRUC Quarterly JOB=L2IBQ6.docx"
2016-02-10,31397,"LOOPS/FSTRUC Quarterly JOB=L2IBQ8.docx"
2016-02-10,31865,"LOOPS/FSTRUC Quarterly JOB=L2QREA99.docx"
2016-02-10,31466,"LOOPS/FSTRUC Quarterly JOB=L2QRER99.docx"
2016-02-10,31853,"LOOPS/FSTRUC Quarterly JOB=L206MO.docx"
2016-02-10,31903,"LOOPS/FSTRUC Quarterly JOB=L230QA.docx"
2016-02-10,30468,"LOOPS/LOOPS Yearly January 2nd Flowchart.docx"
2016-02-10,30669,"LOOPS/LOOPS Yearly January 9th Flowchart.docx"
2016-02-10,30446,"LOOPS/LOOPS Yearly Last day of year - L204DFYR Flowchart.docx"
2016-02-10,30613,"LOOPS/LOOPS Yearly April 1st Flowchart.docx"
2016-02-10,31042,"LOOPS/LOOPS Yearly Last day of year - L205YD  Flowchart.docx"
2016-02-10,30508,"LOOPS/LOOPS Yearly Last day of year - L203AS  Flowchart.docx"
2016-02-10,31211,"LOOPS/LOOPS Yearly Last day of year - L2YRSAFE Flowchart.docx"
2016-02-18,1569162,"LOOPS/LOOPS blank.docx"
2016-06-06,50090,"LOOPS/LOOPS ONLINE Processing/D010 EMPLOYER ENTRY - program flow.docx"
2016-06-23,39236,"LOOPS/LOOPS ONLINE Processing/Online Status.docx"
2016-07-11,31661,"TRA/TRA Conversation List.docx"
2016-07-28,28162,"TDI Web/TDIFLI.document.docx"
2016-08-09,1036892,"EA/EA General Information.docx"
2016-08-26,1103158,"LOOPS/LOOPS ONLINE Processing/D610 REVERSION ACTIVATION.docx"
2016-08-26,1102480,"LOOPS/LOOPS ONLINE Processing/D612 REVERSION COMPLETION.docx"
2016-09-02,1586109,"LOOPS/LOOPS ONLINE Processing/C100 - PREMONETARY REG BASE YEAR.docx"
2016-09-09,106368,"LOOPS/LOOPS ONLINE Processing/D050 MONETRY REDETERMINATION CONF - program flow.docx"
2016-09-21,1602324,"LOOPS/LOOPS ONLINE Processing/P100 ONLINE AND BATCH PAYMENTSa.docx"
2016-09-26,1047191,"LOOPS/LOOPS bank processing.docx"
2016-10-28,24684,"LOOPS/FSTRUC Monthly - L210OA.docx"
2016-10-28,24635,"LOOPS/FSTRUC.docx"
2016-12-16,146611,"LOOPS/LOOPS ONLINE Processing/P100 ONLINE AND BATCH PAYMENTS - program flow.docx"
2017-04-06,45181,"LOOPS/LOOPS ONLINE Processing/LOOPS Online DOL documenttion/DOL -  D070 procedure.docx"
2017-04-06,42598,"LOOPS/LOOPS ONLINE Processing/LOOPS Online DOL documenttion/DOL -  D155 procedure.docx"
2017-04-06,45385,"LOOPS/LOOPS ONLINE Processing/LOOPS Online DOL documenttion/DOL - D060 procedure.docx"
2017-05-03,26656,"EA/Automated Warrants Process.docx"
2017-07-26,42367,"LOOPS/LOOPS Monthly Flowchart - L210OA.docx"
2017-07-28,1048503,"LOOPS/LOOPS Monthly L210OA Processing.docx"
2018-01-23,160179,"WDP Conversion.pptx"
2018-01-23,160185,"WDP Conversion.ppsx"
2018-02-14,24348,"ICON/ICON LADT Codes File 006 Documentation.docx"
2018-02-28,301103,"IRS 1099/IRS 1099 Alan.docx"
2019-03-12,2051396,"TRA/TRA Daily Processing new.docx"
2019-03-19,1217000,"TRA/TRA Request Processing.docx"
2019-05-08,753661,"LOOPS/LOOPS Batch Daily.pptx"
2019-07-11,29975,"LOOPS/LOOPS Request Processing - Purge LOGON ID's.docx"
2019-07-26,1189969,"LOOPS/LOOPS ONLINE Processing/D180 DIRECT DEPOSIT ENTRY.docx"
2019-07-26,1131079,"LOOPS/LOOPS ONLINE Processing/DNUM QUICK DATABASE NUMBER CHANGE.docx"
2019-07-26,1209467,"LOOPS/LOOPS ONLINE Processing/DB2D DB2 DATA REMOVAL.docx"
2019-08-13,1514048,"LOOPS/LOOPS ONLINE Processing/P100 ONLINE AND BATCH PAYMENTS.docx"
2019-08-28,31774,"LOOPS/LOOPS - Daily  Banking Process.docx"
2019-08-28,1105281,"LOOPS/LOOPS Daily - EMPEXADD.docx"
2019-09-25,64808,"LOOPS/LOOPS Monthly Flowchart.docx"
2019-11-13,1968291,"LOOPS/LOOPS Weekly Processing.docx"
2020-01-07,1423422,"IRS 1099/IRS 1099 Files.docx"
2020-01-07,37861,"IRS 1099/IRS 1099 Yearly Processing- Send File to IRS Flowchart .docx"
2020-01-07,72181,"IRS 1099/IRS 1099 Yearly Processing- Produce 1099 Forms Flowchart .docx"
2020-01-07,1044259,"IRS 1099/IRS 1099 Weekly Processing.docx"
2020-01-07,37885,"IRS 1099/IRS 1099 Weekly Processing Flowchart .docx"
2020-01-07,1034523,"IRS 1099/IRS 1099 General Information.docx"
2020-01-23,1053029,"SAVE/SAVE Processing.docx"
2020-01-23,27153,"SAVE/SAVE instructions and commands.docx"
2020-02-04,1037644,"IVR/IVR General Information.docx"
2020-02-04,1224512,"IVR/IVR Files.docx"
2020-02-04,1041330,"IVR/IVR Daily Processing.docx"
2020-02-04,1226131,"ICON/ICON Files.docx"
2020-02-04,1043306,"ICON/ICON Error procedures.docx"
2020-02-04,28054,"ICON/INIM Procedure for RN18 abend.docx"
2020-02-04,1219434,"AOC/AOC Files.docx"
2020-02-04,4281338,"AOC/AOC Weekly Processing.docx"
2020-02-04,35922,"Web BARTS/WEB BARTS Daily Activity Flowchart.docx"
2020-02-04,37489,"Web BARTS/WEB BARTS Daily Load Flowchart.docx"
2020-02-04,35632,"Web BARTS/WEB BARTS Daily Checker Flowchart.docx"
2020-02-04,1422799,"Web BARTS/WEB BARTS ONLINE.docx"
2020-02-04,25408,"LOOPS/EMPEXADD ADDRESS CHANGE SYSTEM.docx"
2020-02-04,1298481,"LOOPS/LOOPS DAILY Processing  Page 3-C3.docx"
2020-02-04,1212430,"LOOPS/LOOPS DAILY Processing  Page 1-B.docx"
2020-02-04,1255894,"LOOPS/LOOPS DAILY Processing  Page 1-C1.docx"
2020-02-04,1253913,"LOOPS/LOOPS DAILY Processing Page 2-C1.docx"
2020-02-04,1236694,"LOOPS/LOOPS DAILY Processing  Page 1-C2.docx"
2020-02-04,1248223,"LOOPS/LOOPS DAILY Processing  Page 2-C2.docx"
2020-02-04,1282542,"LOOPS/LOOPS DAILY Processing  Page 1-C3.docx"
2020-02-04,1286056,"LOOPS/LOOPS DAILY Processing  Page 2-C3.docx"
2020-02-04,1229311,"LOOPS/LOOPS DAILY Processing  Page 1-D.docx"
2020-02-04,1256172,"LOOPS/LOOPS DAILY Processing  Page 1-E.docx"
2020-02-05,1714761,"LOOPS/LOOPS Weekly Processing - Wednesday.docx"
2020-02-05,2506175,"LOOPS/LOOPS Quarterly Processing.docx"
2020-02-05,2271407,"LOOPS/LOOPS Yearly Processing.docx"
2020-02-05,1762033,"LOOPS/LOOPS ONLINE Processing/LOOPS Logon to CICS.docx"
2020-02-05,1719821,"LOOPS/LOOPS ONLINE Processing/A015 - CLAIM TRANSFER.docx"
2020-02-05,1744432,"LOOPS/LOOPS ONLINE Processing/A016 - PAID FAMILY LEAVE.docx"
2020-02-05,1935492,"LOOPS/LOOPS ONLINE Processing/A017 - PAID FAMILY LEAVE 60-61.docx"
2020-02-05,1187861,"LOOPS/LOOPS ONLINE Processing/A030 - SENDS MAPA030.docx"
2020-02-05,1421053,"LOOPS/LOOPS ONLINE Processing/A100 -  ALPHA CLAIM LOOKUP.docx"
2020-02-05,28043,"BAM/BAM fix process.docx"
2020-02-05,1195623,"LOOPS/LOOPS ONLINE Processing/A130 - MAP A130 LEDGER REQUEST.docx"
2020-02-05,1190529,"LOOPS/LOOPS ONLINE Processing/A132 - MAP A132 TRANSFER REQUEST.docx"
2020-02-05,1198600,"LOOPS/LOOPS ONLINE Processing/A133 - LEDGER REQUEST.docx"
2020-02-05,1189016,"LOOPS/LOOPS ONLINE Processing/A134 - 1099G DUPLICATE REQUEST.docx"
2020-02-05,1451932,"LOOPS/LOOPS ONLINE Processing/A20R A200 THAT DISPLAYS PIN.docx"
2020-02-05,2320762,"LOOPS/LOOPS ONLINE Processing/A200 - CLAIMS INQUIRY.docx"
2020-02-05,1972305,"LOOPS/LOOPS ONLINE Processing/A210 - WEB CERT CONF NUMBER INQ.docx"
2020-02-05,4755055,"LOOPS/LOOPS ONLINE Processing/A250 - INSERT-UPDATE.docx"
2020-02-05,228792,"BAM/run errors.docx"
2020-02-05,1112496,"LOOPS/LOOPS ONLINE Processing/A400 - CHARGE INQUIRY.docx"
2020-02-05,1547541,"LOOPS/LOOPS ONLINE Processing/A410 - CHANGE CURR TO NCURR.docx"
2020-02-05,1149738,"LOOPS/LOOPS ONLINE Processing/A420 - CURRENT CLAIM SWITCH.docx"
2020-02-05,1194566,"LOOPS/LOOPS ONLINE Processing/A901  ALT DATE-ALT LOC OFFICE CHANGE.docx"
2020-02-05,1198630,"LOOPS/LOOPS ONLINE Processing/A940 - CURRENT CLM IND SWITCH.docx"
2020-02-05,1486105,"LOOPS/LOOPS ONLINE Processing/CDEM - CODES FILE MAINTAINENCE.docx"
2020-02-05,2716093,"LOOPS/LOOPS ONLINE Processing/C012  INITIAL CLAIMS ENTRY NOPAY .docx"
2020-02-06,30252,"BAM/Instructions for creating BAM text file.docx"
2020-02-06,1277513,"LOOPS/LOOPS ONLINE Processing/C013 UCX UCFE ADD FIELDS .docx"
2020-02-06,1400210,"LOOPS/LOOPS ONLINE Processing/C014 UCX UCFE MODIFICATION .docx"
2020-02-06,2618864,"LOOPS/LOOPS ONLINE Processing/C015  CLAIMS MAINT PROMPT.docx"
2020-02-06,2577101,"LOOPS/LOOPS ONLINE Processing/C016  CLAIMSChangeAddName.docx"
2020-02-06,1242456,"LOOPS/LOOPS ONLINE Processing/C017FORM REQUEST .docx"
2020-02-06,1276528,"LOOPS/LOOPS ONLINE Processing/C020 - EB Entry.docx"
2020-02-06,1382644,"LOOPS/LOOPS ONLINE Processing/C021 - JOB PROSPECTS.docx"
2020-02-06,1075885,"LOOPS/LOOPS ONLINE Processing/C025  WFD CLAIM ENTRY.docx"
2020-02-06,1060726,"LOOPS/LOOPS ONLINE Processing/C027 - WFD CLAIM CHANGE.docx"
2020-02-06,1367350,"LOOPS/LOOPS ONLINE Processing/C030  ADDS ADDITIONAL.docx"
2020-02-06,1390318,"LOOPS/LOOPS ONLINE Processing/C035 - CHANGES ADDITIONAL.docx"
2020-02-06,1461663,"LOOPS/LOOPS ONLINE Processing/C040  RANDOM AUDIT.docx"
2020-02-06,1205138,"LOOPS/LOOPS ONLINE Processing/C060 - ADD REASSERTION.docx"
2020-02-06,1352174,"LOOPS/LOOPS ONLINE Processing/C065 - CHANGE REASSERTION DATE.docx"
2020-02-06,1262275,"LOOPS/LOOPS ONLINE Processing/C095 ERI SCHEDULE.docx"
2020-02-06,1684568,"LOOPS/LOOPS ONLINE Processing/C200 - PREMONETARY LAG BASE YEAR.docx"
2020-02-06,1238024,"LOOPS/LOOPS ONLINE Processing/DB2S -  REVISED DB2 CLONE & DELETE.docx"
2020-02-06,1259949,"LOOPS/LOOPS ONLINE Processing/C215 DEPEND MAINT PROMPT.docx"
2020-02-06,1585630,"LOOPS/LOOPS ONLINE Processing/D015 - ENTER VALID EMPLOYER.docx"
2020-02-06,1400511,"LOOPS/LOOPS ONLINE Processing/D040 - INVLD MON REDET-DETERM.docx"
2020-02-06,1439602,"LOOPS/LOOPS ONLINE Processing/D055  - CWC TRAN MON REDET.docx"
2020-02-06,1824721,"LOOPS/LOOPS ONLINE Processing/D060 NON MONETARY DETERMINATIONS.docx"
2020-02-06,1833789,"LOOPS/LOOPS ONLINE Processing/D070 NON MONETARY REDETERMINATIONS.docx"
2020-02-06,1321358,"LOOPS/LOOPS ONLINE Processing/D075 -NONMON REGEN PROMPT.docx"
2020-02-06,1509894,"LOOPS/LOOPS ONLINE Processing/D077 - RSA NONMON REVERSAL.docx"
2020-02-06,1374585,"LOOPS/LOOPS ONLINE Processing/D100  INITIAL MONETARY.docx"
2020-02-06,1890193,"LOOPS/LOOPS ONLINE Processing/D150 - MONETARY REDETERMINATIONS.docx"
2020-02-06,1418268,"LOOPS/LOOPS ONLINE Processing/D155 - NON-CHARGE PROCESS.docx"
2020-02-06,1310542,"LOOPS/LOOPS ONLINE Processing/D160  NOTICE DETERM PROMPT.docx"
2020-02-06,1279148,"LOOPS/LOOPS ONLINE Processing/D170 - INITIAL BC289T ENTRY.docx"
2020-02-06,1104391,"LOOPS/LOOPS ONLINE Processing/D172 NONCHARGING FORMS GENERATION.docx"
2020-02-06,1107798,"LOOPS/LOOPS ONLINE Processing/D175 REGEN OF NONCHARGING FORMS.docx"
2020-02-06,1475081,"LOOPS/LOOPS ONLINE Processing/D185 - DIRECT DEPOSIT MODIFFY.docx"
2020-02-06,1068241,"LOOPS/LOOPS ONLINE Processing/D186 DEBIT CARD ACTIVATION.docx"
2020-02-06,1077219,"LOOPS/LOOPS ONLINE Processing/D187 DIRECT DEPOSIT FORM REQUEST.docx"
2020-02-06,1109473,"LOOPS/LOOPS ONLINE Processing/D188 DEACTIVATE PAYMENT METHOD.docx"
2020-02-06,1515778,"LOOPS/LOOPS ONLINE Processing/EMPL EMPLOYER REGISTRATION INQUIRY.docx"
2020-02-06,1892245,"LOOPS/LOOPS ONLINE Processing/ERRS - ERRORS DISPLAY.docx"
2020-02-06,1432246,"LOOPS/LOOPS ONLINE Processing/E100 - EMPLOYER WAGE INQUIRY.docx"
2020-02-06,3864437,"LOOPS/LOOPS ONLINE Processing/GFMU  - GENERALIZED FILE MAINT LOOPS.docx"
2020-02-06,4280289,"LOOPS/LOOPS ONLINE Processing/GFWR  WAGE ER GFMU.docx"
2020-02-06,1193922,"LOOPS/LOOPS ONLINE Processing/HOOK - PAYMENT TRIGGER REMOVAL.docx"
2020-02-06,3002028,"LOOPS/LOOPS ONLINE Processing/HTOH - HOST TO HOST.docx"
2020-02-06,1367314,"LOOPS/LOOPS ONLINE Processing/MSGD - S IGNON MESSAGE UPDATE.docx"
2020-02-06,1569338,"LOOPS/LOOPS ONLINE Processing/N100 - NEW HIRE CROSSMATCH DISPLAY.docx"
2020-02-06,1572959,"LOOPS/LOOPS ONLINE Processing/N150 - NEW HIRE CROSSMATCH UPDATE.docx"
2020-02-06,1979791,"LOOPS/LOOPS ONLINE Processing/N200 - NATIONAL NEWHIRE INQUIRY.docx"
2020-02-06,2011420,"LOOPS/LOOPS ONLINE Processing/N250 - NATIONAL NEWHIRE UPDATE.docx"
2020-02-06,1218348,"LOOPS/LOOPS ONLINE Processing/PINR - PIN NUMBER RESET CONTROL.docx"
2020-02-06,1494266,"LOOPS/LOOPS ONLINE Processing/P111 - TRIGGER FILE INQUIRY.docx"
2020-02-06,1684197,"LOOPS/LOOPS ONLINE Processing/P113 - PAYMENTS BY OPID.docx"
2020-02-06,1596474,"LOOPS/LOOPS ONLINE Processing/P200  PRINT ONLINE CHECKS.docx"
2020-02-06,1422643,"LOOPS/LOOPS ONLINE Processing/P400 VOID REDEPOSIT PAYMENT.docx"
2020-02-06,1386049,"LOOPS/LOOPS ONLINE Processing/P600  - VOID PENDED WEEKS.docx"
2020-02-06,1556345,"LOOPS/LOOPS ONLINE Processing/P610 - ALTER PEND INDICATOR SET.docx"
2020-02-06,1385115,"LOOPS/LOOPS ONLINE Processing/P612  - ALTER PEND INDICATOR UNSET.docx"
2020-02-06,1372943,"LOOPS/LOOPS ONLINE Processing/P615 - FUTURE PEND.docx"
2020-02-06,1578617,"LOOPS/LOOPS ONLINE Processing/P620 - REMARKS.docx"
2020-02-06,1532710,"LOOPS/LOOPS ONLINE Processing/P800 CWC TRANSFERRING.docx"
2020-02-06,1197977,"LOOPS/LOOPS ONLINE Processing/P900 - NEXT CHECK SERIES.docx"
2020-02-06,1198342,"LOOPS/LOOPS ONLINE Processing/P905 - CHECK SERIES.docx"
2020-02-06,1195878,"LOOPS/LOOPS ONLINE Processing/P910 - CHECK SERIES.docx"
2020-02-06,1199846,"LOOPS/LOOPS ONLINE Processing/P920 - CHECK SERIES.docx"
2020-02-06,1341635,"LOOPS/LOOPS ONLINE Processing/P930 CHECK TOT BY PRINTER.docx"
2020-02-06,1311280,"LOOPS/LOOPS ONLINE Processing/P931  OPERATOR RECON LIST.docx"
2020-02-06,1322071,"LOOPS/LOOPS ONLINE Processing/P932  OP RECON LIST Without VOICE-WEB.docx"
2020-02-06,1404017,"LOOPS/LOOPS ONLINE Processing/QQQQ  EMERGENCY SSN DEQUEUE.docx"
2020-02-06,1312014,"LOOPS/LOOPS ONLINE Processing/R010  REFUND SETUP.docx"
2020-02-06,1329391,"LOOPS/LOOPS ONLINE Processing/R015 REFUND SKEL MAINT.docx"
2020-02-06,1426923,"LOOPS/LOOPS ONLINE Processing/R030  REFUND MAINT PROMPT.docx"
2020-02-06,1295562,"LOOPS/LOOPS ONLINE Processing/R040  RFND WRITE-OFFPRMT.docx"
2020-02-06,1182367,"LOOPS/LOOPS ONLINE Processing/R050 - REFUND PAYMENT ENTRY.docx"
2020-02-06,1058805,"LOOPS/LOOPS ONLINE Processing/R060 - REFUND PAY ADJ.docx"
2020-02-06,1366275,"LOOPS/LOOPS ONLINE Processing/R070 - SUSPENSE TRANS.docx"
2020-02-06,2352412,"LOOPS/LOOPS ONLINE Processing/R100 - REFUND INQUIRY.docx"
2020-02-06,1556160,"LOOPS/LOOPS ONLINE Processing/R110  REF PAYMENT LIST INQ.docx"
2020-02-06,1381561,"LOOPS/LOOPS ONLINE Processing/R120 - COD MAINTENANCE.docx"
2020-02-06,1218113,"LOOPS/LOOPS ONLINE Processing/R130 -DUNNING LETTER SEL.docx"
2020-02-06,1200929,"LOOPS/LOOPS ONLINE Processing/R140 - REF SUMMARY SELECT.docx"
2020-02-06,1208898,"LOOPS/LOOPS ONLINE Processing/R160 - SSN CLAIMANT-ID XREF.docx"
2020-02-06,1253706,"LOOPS/LOOPS ONLINE Processing/S010 - EMPLOYEE ACCESS CONTROL.docx"
2020-02-06,1174337,"LOOPS/LOOPS ONLINE Processing/S020 - EMPLOYEE ACCESS MANAGER CNTL.docx"
2020-02-07,1122336,"LOOPS/LOOPS ONLINE Processing/S030 - EMPLOYEE ACCESS CNTL MGR LIST.docx"
2020-02-07,1197842,"LOOPS/LOOPS ONLINE Processing/S100 - SAVE INFO ENTRY.docx"
2020-02-07,1103748,"LOOPS/LOOPS ONLINE Processing/S105 - SAVE RESENT FORM.docx"
2020-02-07,1174178,"LOOPS/LOOPS ONLINE Processing/S500 - REGENERATE CHECKS.docx"
2020-02-07,1204101,"LOOPS/LOOPS ONLINE Processing/TST0  WAGE BUILDER.docx"
2020-02-07,1826391,"LOOPS/LOOPS ONLINE Processing/TST1  CONVERSATION CONTROL-UPDATE.docx"
2020-02-10,1593213,"TRA/TRA ONLINE Processing/TRA Logon to CICS.docx"
2020-02-10,2429640,"TRA/TRA ONLINE Processing/2-  CERTIFICATION-EMPLOYER INQUIRY.docx"
2020-02-10,1995933,"TRA/TRA ONLINE Processing/3 - APPLICANT-CERTIFICATION ENTRY-MAINT.docx"
2020-02-10,1841056,"TRA/TRA ONLINE Processing/3 - PF6 - HCTC.docx"
2020-02-10,2449244,"TRA/TRA ONLINE Processing/4 - APPLICANT-APPOINTMENTS INQUIRY.docx"
2020-02-10,2195006,"TRA/TRA ONLINE Processing/5 - ORIENTATION SESSION ENTRY-MAINT.docx"
2020-02-10,1848325,"TRA/TRA ONLINE Processing/6 - ORIENTATION SESSION INQUIRY.docx"
2020-02-10,1674487,"TRA/TRA ONLINE Processing/7 - CLAIM ENTRY-MAINT.docx"
2020-02-10,1837385,"TRA/TRA ONLINE Processing/8 - CLAIM INQUIRY.docx"
2020-02-10,8046234,"TRA/TRA ONLINE Processing/9 – PAYMENT VERIFICATION.docx"
2020-02-10,1636479,"TRA/TRA ONLINE Processing/10 – PAYMENT INQUIRY.docx"
2020-02-10,1402822,"TRA/TRA ONLINE Processing/12 – EMPLOYER CLAIMS LEDGER.docx"
2020-02-10,1418161,"TRA/TRA ONLINE Processing/11 – CLAIMANT LEDGER.docx"
2020-02-10,1811018,"TRA/TRA ONLINE Processing/14 - ALLOWANCE INQUIRY.docx"
2020-02-10,1842582,"TRA/TRA ONLINE Processing/13 - ALLOWANCE ENTRY-MAINT.docx"
2020-02-10,6475255,"TRA/TRA ONLINE Processing/15 - TABLE MAINTENANCE.docx"
2020-02-10,1581826,"TRA/TRA ONLINE Processing/16 - CLAIM REMARKS ENTRY.docx"
2020-02-10,1572131,"TRA/TRA ONLINE Processing/18 - CERTIFICATION REMARKS ENTRY.docx"
2020-02-10,1579219,"TRA/TRA ONLINE Processing/17 - CLAIM REMARKS INQUIRY.docx"
2020-02-10,1580765,"TRA/TRA ONLINE Processing/19 - CERTIFICATION REMARKS INQUIRY.docx"
2020-02-10,1640179,"TRA/TRA ONLINE Processing/20 - CLAIM HISTORY INQUIRY.docx"
2020-02-10,1589454,"TRA/TRA ONLINE Processing/21- CERT-EMPLOYER HISTORY INQUIRY.docx"
2020-02-10,1834687,"TRA/TRA ONLINE Processing/22 - ALLOWANCE HISTORY INQUIRY.docx"
2020-02-10,1611989,"TRA/TRA ONLINE Processing/23 - APPLICANT ORIENT HISTORY INQUIRY.docx"
2020-02-11,1733992,"TRA/TRA ONLINE Processing/1-  CERTIFICATION-EMPLOYER ENTRY-MAINT.docx"
2020-03-03,38973,"LOOPS/LOOPS Weekly - Wednesday Flowchart.docx"
2020-03-31,43027,"LOOPS/LOOPS WEEKLY Friday - Federal Stimulus Info.docx"
2020-03-31,104303,"LOOPS/LOOPS WEEKLY Friday - Federal Stimulus Flowchart.docx"
2020-04-20,2065520,"TRA/TRA Daily Processing.docx"
2020-04-21,1034088,"TRA/TRA General Information.docx"
2020-05-21,28048,"LOOPS/LOOPS Request Processing - How to run the wage crossmatch for BVI.docx"
2020-05-27,118382,"LOOPS/LOOPS Weekly Flowchart.docx"
2020-09-29,50480,"LOOPS/FSTRUC Saturday - Stimulus Process.docx"
2021-12-01,29149,"LOOPS/LOOPS Request Processing - How to run the wage crossmatch for RRR.docx"
2022-04-21,35659,"Stimulus 600.docx"
2022-06-29,1891368,"LOOPS/LOOPS ONLINE Processing/D050 - MONETARY REDETERMINATION.docx"
2022-09-26,25527,"ICON/Rerun Process for IB6 Bills.docx"
2022-09-30,290977,"LOOPS/LOOPS Daily Flowchart part1 .docx"
2022-10-04,1619703,"Web BARTS/WEB BARTS Daily Processing.docx"
2022-12-02,26519,"LOOPS/FSTRUC Monthly - L210OA updated.docx"
2022-12-02,28757,"LOOPS/FSTRUC Monthly - L201MA99 updated.docx"
2022-12-19,36930,"LOOPS/FSTRUC Weekly updated.docx"
2023-02-22,34824,"TRA/TRA DB2 files.docx"
2023-03-02,36777,"LOOPS Source Code/Reporting Analysis/DXCB156R - NEW CLAIMS FILED FOR STATE OF NJ EMPLOYEES.docx"
2023-03-02,44712,"LOOPS Source Code/Reporting Analysis/DXCB228E - BC9 REPORT --- INCOMPLETE ---.docx"
2023-03-03,33502,"LOOPS Source Code/Reporting Analysis/A187UMCH - BENEFIT PAYMENT CONTROL MONTHLY B187 UNMATCHED REPORT.docx"
2023-03-03,36531,"LOOPS Source Code/Reporting Analysis/A187UNEX - input processing for A187UMCH.docx"
2023-03-05,77897,"LOOPS Source Code/Reporting Analysis/Daily Batch Process Summary.xlsx"
2023-03-06,42825,"LOOPS Source Code/Reporting Analysis/BART190R - READS WBT ERROR FILE .docx"
2023-03-07,36150,"LOOPS Source Code/Reporting Analysis/DXCB296R - DAILY WARRANTS OF SATISFACTION - FORM BPC-401.docx"
2023-03-08,41484,"LOOPS Source Code/Reporting Analysis/DXCBD05R - NEW CLAIMS REPORT.docx"
2023-03-08,35639,"LOOPS Source Code/Reporting Analysis/DXCBD07R - NEW CLAIMS AUDIT REPORT.docx"
2023-03-10,1448248,"LOOPS/LOOPS Monthly Processing.docx"
2023-03-13,1718504,"Consultant Documentation.pptx"
2023-04-02,35776,"LOOPS/FSTRUC Weekly.docx"
2023-05-08,1410044,"LOOPS/LOOPS ONLINE Processing/P150 OUT OF SEQUENCE EARN.docx"
2023-06-20,2425249,"LOOPS/LOOPS ONLINE Processing/A040 - PAYMENT UPDATE AND ENTRY.docx"
2023-07-17,1236161,"New Hire/New Hire Weekly Processing .docx"
2023-07-31,1274926,"LOOPS/LOOPS ONLINE Processing/B187 - B187 INQUIRY.docx"
2023-10-05,1308136,"LOOPS/LOOPS ONLINE Processing/R020  REFUND CLAIM MAINT.docx"
2024-02-08,1774470,"System Documentation old.ppsx"
2024-02-14,1974332,"LOOPS/LOOPS ONLINE Processing/D010  EMPLOYER ENTRY.docx"
2024-02-14,1596991,"LOOPS/LOOPS ONLINE Processing/D020 - EMPLOYER MAINTENANCE.docx"
2024-03-13,28160,"LOOPS/LOOPS MRO Explained.docx"
2024-11-14,29613,"EA/Employer Accounts System - Batch Job - Documentation.docx"
2025-01-23,1769114,"System Documentation_1.ppsx"
2025-03-03,1765974,"System Documentation_2.ppsx"
2025-04-14,1036725,"LOOPS/LOOPS General Information.docx"
2025-04-30,12616184,"EA/TaxAppScreens.xlsx"
2025-06-09,33229,"LOOPS/FSTRUC Quarterly JOB=L206MO Updated.docx"
2025-06-09,33154,"LOOPS/FSTRUC Quarterly JOB=L220OA.docx"
2025-06-16,30868,"LOOPS/LOOPS Weekly -  Sunday.docx"
2025-08-05,27935,"LOOPS Issues/How to handle a bank file not balancing request from Sue Ward.docx"
2025-09-22,28203,"LOOPS/FSTRUC Yearly JOB=L221SA.docx"
2025-09-22,1770772,"System Documentation.pptx"
2025-09-22,1767875,"System Documentation.ppsx"
2025-09-25,33464,"LOOPS/Extract jobs from IMS to SG DB2 tables.docx"
2025-09-25,1771456,"System Documentation - Copy.pptx"
2025-10-01,211630,"LOOPS/LOOPS Daily Flowchart part2.docx"
2025-10-08,180359,"Q drive folders.docx"
2025-10-10,1297719,"LOOPS/LOOPS ONLINE Processing/M200 MEUC STIMULUS PAYMENTS INQUIRY.docx"
2025-10-10,1881937,"LOOPS/LOOPS ONLINE Processing/M400  REDEPOSIT MEUC PAYMENT.docx"
2025-10-10,1287615,"LOOPS/LOOPS ONLINE Processing/S200 STIMULUS PAYMENTS INQUIRY.docx"
2025-10-10,1924223,"LOOPS/LOOPS ONLINE Processing/S400 REDEPOSIT STIMULUS PAYMENT.docx"
2026-01-30,77913,"LOOPS/LOOPS ONLINE Processing/Data Reference/Programs to get DB2 fields_Gerry.xlsx"
2026-02-11,70353,"EA/Employer_Accounts_Interfaces.xlsx"
2026-05-04,1239895,"New Hire/New Hire Files.docx"
2026-06-24,99418,"LOOPS/FSTRUC Daily.docx"
2026-06-29,1743187,"LOOPS/LOOPS ONLINE Processing/A300 - REMARKS INQUIRY.docx"
2026-07-07,4249449,"IRS 1099/IRS 1099 Yearly Processing.docx"
2026-07-07,1305181,"New Hire/New Hire Daily Processing .docx"
2026-07-07,1241313,"Web BARTS/WEB BARTS Files.docx"
2026-07-08,9316040,"LOOPS/LOOPS ONLINE Processing/A200 - Option 16.docx"
2026-07-08,1046403,"New Hire/New Hire General Information.docx"
2026-07-14,1286182,"LOOPS/LOOPS DAILY Processing  Page 1-A.docx"
2026-07-23,1054298,"Web BARTS/WEB BARTS General Information.docx"
2026-07-24,3907246,"LOOPS/LOOPS ONLINE Processing/C010  INITIAL CLAIMS ENTRY.docx"
2026-07-29,4360103,"IRS 1099/IRS 1099 Update.docx"
2026-07-29,1058007,"ICON/ICON General Information.docx"
2026-08-04,1254079,"LOOPS/LOOPS Files.docx"
2026-08-04,1212797,"LOOPS/LOOPS DAILY Processing  Page 1-C.docx"
unknown,41984,"IRS 1099/IRS 1099 Password Information.docx"
unknown,43008,"ICON/ICON password information.docx"
no-internal-date,132,"AOC/test.txt"
no-internal-date,206848,"SUN I&AM/Scripts.vsd"
no-internal-date,283136,"SUN I&AM/Sun I&AM Overview.vsd"
no-internal-date,45579,"TDI Web/TDIFLI.rtf"
no-internal-date,94208,"IVR/IVR INTERFACE LAYOUTS.doc"
no-internal-date,73728,"IVR/SR20248 Description notes.doc"
no-internal-date,49664,"LOOPS/LOOPS Request Wage database purge process..doc"
no-internal-date,93696,"EA/Employer_Account_Reports.xls"
no-internal-date,45568,"ICON/IB Delivery Transmission Cycle.doc"
no-internal-date,1729515,"ICON/IB4 System User Guide_1.pdf"
no-internal-date,715523,"ICON/IBIQ System User Guide.pdf"
no-internal-date,48640,"ICON/IB6 Export-Import Process quarterly.doc"
no-internal-date,860667,"ICON/Insight on ICON_6.pdf"
no-internal-date,492888,"ICON/Combined Wage Claim TC-IB6.pdf"
no-internal-date,1832898,"ICON/MSDES Military User Guide.pdf"
no-internal-date,338993,"ICON/INSW System User Guide.pdf"
no-internal-date,64847,"ICON/IB5 Processing Installation Guide.pdf"
no-internal-date,868030,"ICON/LADT User Guide.pdf"
no-internal-date,730710,"ICON/IB1 System User Guide.pdf"
no-internal-date,432837,"ICON/IB4 Processing Installation Guide.pdf"
no-internal-date,46592,"ICON/LADT Processing Cycle .doc"
no-internal-date,48128,"ICON/IB6 Export-Import Process.doc"
no-internal-date,102932,"ICON/IBIQ Install Guide.pdf"
no-internal-date,68660,"ICON/INSW Install Guide.pdf"
no-internal-date,45568,"ICON/UCX UCFE Transmission Cycle.doc"
no-internal-date,45568,"ICON/INRC (ICON Recovery).doc"
no-internal-date,398688,"ICON/IB5 System User Guide.pdf"
no-internal-date,3712512,"SAVE/Alien Verification Flow Diagrams.vsd"
no-internal-date,267,"IRS 1099/LAADELM/Template.txt"
no-internal-date,114176,"LOOPS/LOOPS ONLINE Processing/P100 AND PAYMENTS.doc"
no-internal-date,127302,"LOOPS Source Code/report-modules/DXCBW35R.txt"
no-internal-date,126479,"LOOPS Source Code/report-modules/DXCBW37R.txt"
no-internal-date,4947,"LOOPS Source Code/JCL/ZULDI4R1.txt"
no-internal-date,82984,"LOOPS Source Code/source/DXCD078S.txt"
no-internal-date,78228,"LOOPS Source Code/source/DXCA305S.txt"
no-internal-date,88719,"LOOPS Source Code/source/UIMBDB01.txt"
no-internal-date,212790,"LOOPS Source Code/source/DXCA360A.txt"
no-internal-date,200080,"LOOPS Source Code/source/DXCA360B.txt"
no-internal-date,56908,"LOOPS Source Code/source/DXCA106S.txt"
no-internal-date,57892,"LOOPS Source Code/source/DXCD077S.txt"
no-internal-date,5019,"LOOPS Source Code/Reporting Analysis/L201DB File Creation Process 1.txt"
