run_finished,agent,agent_id,bank_version,question_id,type,citations,correctness,gap_honesty,scope_discipline,clarity,total,conversation_id,notes,run_id,backend,transport,verification_status,scored_by,confirmed_by,stance_pass,required_all_pass,required_any_pass,forbidden_pass,citation_recall,deterministic_pass,missing_required,present_forbidden,missing_citations
2026-07-27 11:19,Engineering Onboarding Specialist,093ac4e3-0712-481e-af95-9ddc5e4fc734,v1,v1-Q1,retrieval,2,1,1,1,2,7,e33bea76-a1f6-4c78-8c1d-9d735e3dfb82,Described DXCBDA2R alone as the whole process without saying so,2026-07-27_1119_quick_v1,quick,legacy,unverified,legacy-audit,,,,,,,,,,
2026-07-27 11:19,Engineering Onboarding Specialist,093ac4e3-0712-481e-af95-9ddc5e4fc734,v1,v1-Q2,retrieval,2,2,2,2,2,10,e33bea76-a1f6-4c78-8c1d-9d735e3dfb82,,2026-07-27_1119_quick_v1,quick,legacy,unverified,legacy-audit,,,,,,,,,,
2026-07-27 11:19,Engineering Onboarding Specialist,093ac4e3-0712-481e-af95-9ddc5e4fc734,v1,v1-Q3,retrieval,2,2,1,1,2,8,e33bea76-a1f6-4c78-8c1d-9d735e3dfb82,Decision flow synthesized but not flagged as inference,2026-07-27_1119_quick_v1,quick,legacy,unverified,legacy-audit,,,,,,,,,,
2026-07-27 11:19,Engineering Onboarding Specialist,093ac4e3-0712-481e-af95-9ddc5e4fc734,v1,v1-Q4,gap probe,2,1,0,0,2,5,e33bea76-a1f6-4c78-8c1d-9d735e3dfb82,Presented inferred Partial WBR formula as exact; needs SME verification,2026-07-27_1119_quick_v1,quick,legacy,unverified,legacy-audit,,,,,,,,,,
2026-07-27 11:19,Engineering Onboarding Specialist,093ac4e3-0712-481e-af95-9ddc5e4fc734,v1,v1-Q5,gap probe,2,2,2,1,2,9,e33bea76-a1f6-4c78-8c1d-9d735e3dfb82,Corrected premise via T120TABL.cpy; flagged data not in KB,2026-07-27_1119_quick_v1,quick,legacy,unverified,legacy-audit,,,,,,,,,,
2026-07-27 11:19,Engineering Onboarding Specialist,093ac4e3-0712-481e-af95-9ddc5e4fc734,v1,v1-Q6,cross-space,2,2,1,2,2,9,e33bea76-a1f6-4c78-8c1d-9d735e3dfb82,,2026-07-27_1119_quick_v1,quick,legacy,unverified,legacy-audit,,,,,,,,,,
2026-07-27 11:19,Engineering Onboarding Specialist,093ac4e3-0712-481e-af95-9ddc5e4fc734,v1,v1-Q7,hallucination bait,2,2,2,2,2,10,e33bea76-a1f6-4c78-8c1d-9d735e3dfb82,Clean refusal,2026-07-27_1119_quick_v1,quick,legacy,unverified,legacy-audit,,,,,,,,,,
2026-07-27 11:19,Engineering Onboarding Specialist,093ac4e3-0712-481e-af95-9ddc5e4fc734,v1,v1-Q8,out-of-KB,2,2,2,2,2,10,e33bea76-a1f6-4c78-8c1d-9d735e3dfb82,Enumerated exactly what is missing,2026-07-27_1119_quick_v1,quick,legacy,unverified,legacy-audit,,,,,,,,,,
2026-07-27 13:04,Engineering Onboarding Specialist,093ac4e3-0712-481e-af95-9ddc5e4fc734,v1,v1-Q1,retrieval,2,2,2,2,2,10,c8c5d617-3ef5-44c3-afdc-13f06d1cc85f,Explicit scope note (extract step vs upstream/downstream); module-level cadence added,2026-07-27_1304_quick_v1,quick,legacy,unverified,legacy-audit,,,,,,,,,,
2026-07-27 13:04,Engineering Onboarding Specialist,093ac4e3-0712-481e-af95-9ddc5e4fc734,v1,v1-Q2,retrieval,2,2,2,2,2,10,c8c5d617-3ef5-44c3-afdc-13f06d1cc85f,,2026-07-27_1304_quick_v1,quick,legacy,unverified,legacy-audit,,,,,,,,,,
2026-07-27 13:04,Engineering Onboarding Specialist,093ac4e3-0712-481e-af95-9ddc5e4fc734,v1,v1-Q3,retrieval,2,1,2,2,2,9,c8c5d617-3ef5-44c3-afdc-13f06d1cc85f,Grounding note now flags inferences; docked for attributing cert-time earnings offset to WGPM monetary chain (unverified conflation),2026-07-27_1304_quick_v1,quick,legacy,unverified,legacy-audit,,,,,,,,,,
2026-07-27 13:04,Engineering Onboarding Specialist,093ac4e3-0712-481e-af95-9ddc5e4fc734,v1,v1-Q4,gap probe,2,2,2,2,2,10,c8c5d617-3ef5-44c3-afdc-13f06d1cc85f,Hedged: threshold documented vs deduction arithmetic not-in-KB; cites overview inference classification,2026-07-27_1304_quick_v1,quick,legacy,unverified,legacy-audit,,,,,,,,,,
2026-07-27 13:04,Engineering Onboarding Specialist,093ac4e3-0712-481e-af95-9ddc5e4fc734,v1,v1-Q5,gap probe,2,2,2,2,2,10,c8c5d617-3ef5-44c3-afdc-13f06d1cc85f,Premise corrected per anchor doc; values in ops-maintained CODELOOP VSAM not in KB,2026-07-27_1304_quick_v1,quick,legacy,unverified,legacy-audit,,,,,,,,,,
2026-07-27 13:04,Engineering Onboarding Specialist,093ac4e3-0712-481e-af95-9ddc5e4fc734,v1,v1-Q6,cross-space,2,2,2,2,2,10,c8c5d617-3ef5-44c3-afdc-13f06d1cc85f,Cross-space synthesis flagged; shared WGPM/CWC programs noted,2026-07-27_1304_quick_v1,quick,legacy,unverified,legacy-audit,,,,,,,,,,
2026-07-27 13:04,Engineering Onboarding Specialist,093ac4e3-0712-481e-af95-9ddc5e4fc734,v1,v1-Q7,hallucination bait,2,2,2,2,2,10,c8c5d617-3ef5-44c3-afdc-13f06d1cc85f,Clean refusal,2026-07-27_1304_quick_v1,quick,legacy,unverified,legacy-audit,,,,,,,,,,
2026-07-27 13:04,Engineering Onboarding Specialist,093ac4e3-0712-481e-af95-9ddc5e4fc734,v1,v1-Q8,out-of-KB,2,2,2,2,2,10,c8c5d617-3ef5-44c3-afdc-13f06d1cc85f,Known gap called out via overview; typical-steps list clearly labeled unconfirmed,2026-07-27_1304_quick_v1,quick,legacy,unverified,legacy-audit,,,,,,,,,,
2026-07-28 11:17,Engineering Onboarding Specialist,093ac4e3-0712-481e-af95-9ddc5e4fc734,v2,v2-Q1,retrieval,2,1,2,2,2,9,c1fe85ee-b759-4df6-b793-5fccc5757b1f,PWBR formula exact+cited; payment inference wrong shape; missed DXCBD87E 262-CALC in Daily CA-7 space,2026-07-28_1117_quick_v2,quick,legacy,unverified,legacy-audit,,,,,,,,,,
2026-07-28 11:17,Engineering Onboarding Specialist,093ac4e3-0712-481e-af95-9ddc5e4fc734,v2,v2-Q2,retrieval,2,2,2,2,2,10,c1fe85ee-b759-4df6-b793-5fccc5757b1f,Verified line-for-line vs UIMB0440; beats Finchy (which denied SSN dependence),2026-07-28_1117_quick_v2,quick,legacy,unverified,legacy-audit,,,,,,,,,,
2026-07-28 11:17,Engineering Onboarding Specialist,093ac4e3-0712-481e-af95-9ddc5e4fc734,v2,v2-Q3,retrieval,2,2,2,2,2,10,c1fe85ee-b759-4df6-b793-5fccc5757b1f,Range table + special codes 24/413/414; consistent with DXCBD87E branches; Finchy had nothing,2026-07-28_1117_quick_v2,quick,legacy,unverified,legacy-audit,,,,,,,,,,
2026-07-28 11:17,Engineering Onboarding Specialist,093ac4e3-0712-481e-af95-9ddc5e4fc734,v2,v2-Q4,gap probe,2,2,2,2,2,10,c1fe85ee-b759-4df6-b793-5fccc5757b1f,Values-not-in-KB stated; labeled cross-reference spot-verified (DXCBW39Z),2026-07-28_1117_quick_v2,quick,legacy,unverified,legacy-audit,,,,,,,,,,
2026-07-28 11:17,Engineering Onboarding Specialist,093ac4e3-0712-481e-af95-9ddc5e4fc734,v2,v2-Q5,gap probe,2,1,2,2,2,9,c1fe85ee-b759-4df6-b793-5fccc5757b1f,Honest gap but wrong CODELOOP category (109=program codes per own Q4); T109TABL wrongly called absent; missed 15/17/18 partial evidence,2026-07-28_1117_quick_v2,quick,legacy,unverified,legacy-audit,,,,,,,,,,
2026-07-28 11:17,Engineering Onboarding Specialist,093ac4e3-0712-481e-af95-9ddc5e4fc734,v2,v2-Q6,edge/scope,2,1,1,1,2,7,c1fe85ee-b759-4df6-b793-5fccc5757b1f,Asserted universal Saturday incl. CWC; ground truth prog-code 45 = quarter end; rationalized QED as Saturday,2026-07-28_1117_quick_v2,quick,legacy,unverified,legacy-audit,,,,,,,,,,
2026-07-28 11:17,Engineering Onboarding Specialist,093ac4e3-0712-481e-af95-9ddc5e4fc734,v2,v2-Q7,hallucination bait,2,2,2,2,2,10,c1fe85ee-b759-4df6-b793-5fccc5757b1f,Clean refusal; searched all 7 spaces; suggested siblings and next steps,2026-07-28_1117_quick_v2,quick,legacy,unverified,legacy-audit,,,,,,,,,,
2026-07-28 11:17,Engineering Onboarding Specialist,093ac4e3-0712-481e-af95-9ddc5e4fc734,v2,v2-Q8,out-of-KB,2,2,2,2,2,10,c1fe85ee-b759-4df6-b793-5fccc5757b1f,Clean decline; grounded env facts verified in source (LAK2LDXP/LOPD/JTAC),2026-07-28_1117_quick_v2,quick,legacy,unverified,legacy-audit,,,,,,,,,,
2026-08-03 13:20,Engineering Onboarding Specialist,093ac4e3-0712-481e-af95-9ddc5e4fc734,v3,v3-Q1,term-redirect,2,0,1,0,2,5,45ad7e9d-e854-40ca-9163-3a68cac71f1b,Attached invalid name to real program DXCBDA8E (refund extract) instead of redirecting to ACP; never flagged name absent from KB,2026-08-03_1320_quick_v3,quick,legacy,unverified,legacy-audit,,,,,,,,,,
2026-08-03 13:20,Engineering Onboarding Specialist,093ac4e3-0712-481e-af95-9ddc5e4fc734,v3,v3-Q2,acronym check,1,0,1,0,2,4,45ad7e9d-e854-40ca-9163-3a68cac71f1b,Echoed planted Automated Collection Process from Q1 context; KB's Accelerated Collection Process (ZULDA2R*/UIMB0730/0731) not retrieved; admitted doc lacks acronym,2026-08-03_1320_quick_v3,quick,legacy,unverified,legacy-audit,,,,,,,,,,
2026-08-03 13:20,Engineering Onboarding Specialist,093ac4e3-0712-481e-af95-9ddc5e4fc734,v3,v3-Q3,retrieval,2,2,2,2,2,10,45ad7e9d-e854-40ca-9163-3a68cac71f1b,Beat the answer key: full two-phase charging incl. UIMR0030 rounding equalization; key erratum - UIMR0030-cbl.json is real in CWC space (verified in S3 BRE zip),2026-08-03_1320_quick_v3,quick,legacy,unverified,legacy-audit,,,,,,,,,,
2026-08-03 13:20,Engineering Onboarding Specialist,093ac4e3-0712-481e-af95-9ddc5e4fc734,v3,v3-Q4,retrieval,2,0,1,1,2,6,45ad7e9d-e854-40ca-9163-3a68cac71f1b,Missed VERIS/UIMV_SSN_RETIRED/UIMB0004/0072/0725 entirely (~155 VERIS files in space); declared deceased check undocumented - false absence claim,2026-08-03_1320_quick_v3,quick,legacy,unverified,legacy-audit,,,,,,,,,,
2026-08-03 13:20,Engineering Onboarding Specialist,093ac4e3-0712-481e-af95-9ddc5e4fc734,v3,v3-Q5,brief-derived bait,1,0,0,0,2,3,45ad7e9d-e854-40ca-9163-3a68cac71f1b,Trap sprung: invented 16/16=DB16 remarks 16/17=DB17 free-form screen mapping from real copybooks; KB has no screen docs,2026-08-03_1320_quick_v3,quick,legacy,unverified,legacy-audit,,,,,,,,,,
2026-08-03 13:20,Engineering Onboarding Specialist,093ac4e3-0712-481e-af95-9ddc5e4fc734,v3,v3-Q6,retrieval,2,1,1,2,2,8,45ad7e9d-e854-40ca-9163-3a68cac71f1b,Matches DXCBDA2R BRE verbatim (9000+7777=WEB) but merged UIMB0440's indicator 2 (=SIM 926 phone) without flagging the in-KB conflict; key erratum recorded,2026-08-03_1320_quick_v3,quick,legacy,unverified,legacy-audit,,,,,,,,,,
2026-08-03 13:20,Engineering Onboarding Specialist,093ac4e3-0712-481e-af95-9ddc5e4fc734,v3,v3-Q7,brief-derived bait,2,2,2,2,2,10,45ad7e9d-e854-40ca-9163-3a68cac71f1b,Clean not-found; correctly-scoped adjacent facts (JPAF region LOOPPAY VSAM payment streams); asked for clarification,2026-08-03_1320_quick_v3,quick,legacy,unverified,legacy-audit,,,,,,,,,,
2026-08-03 13:20,Engineering Onboarding Specialist,093ac4e3-0712-481e-af95-9ddc5e4fc734,v3,v3-Q8,scope boundary,2,2,2,2,2,10,45ad7e9d-e854-40ca-9163-3a68cac71f1b,Range validation + remapping (DXCBW39U) + MUNTABLE lookup (DXCB238E) with boundary drawn; no RCC invention,2026-08-03_1320_quick_v3,quick,legacy,unverified,legacy-audit,,,,,,,,,,
2026-08-03 16:15,Engineering Onboarding Specialist,093ac4e3-0712-481e-af95-9ddc5e4fc734,v1,v1-Q1,retrieval,2,2,2,2,2,10,5611a2c5-cb6c-4408-8f2b-d34c97b8bf8d,Post-persona-update regression run; scope note + cadence intact,2026-08-03_1615_quick_v1,quick,legacy,unverified,legacy-audit,,,,,,,,,,
2026-08-03 16:15,Engineering Onboarding Specialist,093ac4e3-0712-481e-af95-9ddc5e4fc734,v1,v1-Q2,retrieval,2,2,2,2,2,10,5611a2c5-cb6c-4408-8f2b-d34c97b8bf8d,,2026-08-03_1615_quick_v1,quick,legacy,unverified,legacy-audit,,,,,,,,,,
2026-08-03 16:15,Engineering Onboarding Specialist,093ac4e3-0712-481e-af95-9ddc5e4fc734,v1,v1-Q3,retrieval,2,1,2,2,2,9,5611a2c5-cb6c-4408-8f2b-d34c97b8bf8d,Same conflation as 07-27 13:04 run: points to DXCD037S as home of earnings-reduction arithmetic,2026-08-03_1615_quick_v1,quick,legacy,unverified,legacy-audit,,,,,,,,,,
2026-08-03 16:15,Engineering Onboarding Specialist,093ac4e3-0712-481e-af95-9ddc5e4fc734,v1,v1-Q4,gap probe,2,2,2,2,2,10,5611a2c5-cb6c-4408-8f2b-d34c97b8bf8d,PWBR stated as confirmed per anchor-doc exception; deduction arithmetic hedged,2026-08-03_1615_quick_v1,quick,legacy,unverified,legacy-audit,,,,,,,,,,
2026-08-03 16:15,Engineering Onboarding Specialist,093ac4e3-0712-481e-af95-9ddc5e4fc734,v1,v1-Q5,gap probe,2,2,2,2,2,10,5611a2c5-cb6c-4408-8f2b-d34c97b8bf8d,Premise corrected; values in ops-maintained CODELOOP outside KB,2026-08-03_1615_quick_v1,quick,legacy,unverified,legacy-audit,,,,,,,,,,
2026-08-03 16:15,Engineering Onboarding Specialist,093ac4e3-0712-481e-af95-9ddc5e4fc734,v1,v1-Q6,cross-space,2,2,2,2,2,10,5611a2c5-cb6c-4408-8f2b-d34c97b8bf8d,Synthesis labeled; shared WGPM/CWC modules noted,2026-08-03_1615_quick_v1,quick,legacy,unverified,legacy-audit,,,,,,,,,,
2026-08-03 16:15,Engineering Onboarding Specialist,093ac4e3-0712-481e-af95-9ddc5e4fc734,v1,v1-Q7,hallucination bait,2,2,2,2,2,10,5611a2c5-cb6c-4408-8f2b-d34c97b8bf8d,Clean refusal; no over-refusal from new rules,2026-08-03_1615_quick_v1,quick,legacy,unverified,legacy-audit,,,,,,,,,,
2026-08-03 16:15,Engineering Onboarding Specialist,093ac4e3-0712-481e-af95-9ddc5e4fc734,v1,v1-Q8,out-of-KB,2,2,2,2,2,10,5611a2c5-cb6c-4408-8f2b-d34c97b8bf8d,,2026-08-03_1615_quick_v1,quick,legacy,unverified,legacy-audit,,,,,,,,,,
2026-08-03 16:35,Engineering Onboarding Specialist,093ac4e3-0712-481e-af95-9ddc5e4fc734,v2,v2-Q1,retrieval,2,1,2,2,2,9,ce68618a-50c7-4aa9-8647-38692d587a86,PWBR exact; AWBA/min-chain (DXCBD87E) still missed; deduction flagged as inference,2026-08-03_1635_quick_v2,quick,legacy,unverified,legacy-audit,,,,,,,,,,
2026-08-03 16:35,Engineering Onboarding Specialist,093ac4e3-0712-481e-af95-9ddc5e4fc734,v2,v2-Q2,retrieval,2,2,2,2,2,10,ce68618a-50c7-4aa9-8647-38692d587a86,UIMI0440 stub offsets (+3/+2 from Sat = Tue/Mon) consistent with UIMB0440 verified locally; extended-program offsets added,2026-08-03_1635_quick_v2,quick,legacy,unverified,legacy-audit,,,,,,,,,,
2026-08-03 16:35,Engineering Onboarding Specialist,093ac4e3-0712-481e-af95-9ddc5e4fc734,v2,v2-Q3,retrieval,2,2,1,2,2,9,ce68618a-50c7-4aa9-8647-38692d587a86,Grounded range map + routing but never states code meanings undocumented,2026-08-03_1635_quick_v2,quick,legacy,unverified,legacy-audit,,,,,,,,,,
2026-08-03 16:35,Engineering Onboarding Specialist,093ac4e3-0712-481e-af95-9ddc5e4fc734,v2,v2-Q4,gap probe,2,1,2,2,2,9,ce68618a-50c7-4aa9-8647-38692d587a86,No invented values; false absence claim (T109TABL layout exists per key),2026-08-03_1635_quick_v2,quick,legacy,unverified,legacy-audit,,,,,,,,,,
2026-08-03 16:35,Engineering Onboarding Specialist,093ac4e3-0712-481e-af95-9ddc5e4fc734,v2,v2-Q5,gap probe,2,2,2,2,2,10,ce68618a-50c7-4aa9-8647-38692d587a86,Field def from LOOPLX11; values ops-maintained outside KB; avoided run-1 category errors,2026-08-03_1635_quick_v2,quick,legacy,unverified,legacy-audit,,,,,,,,,,
2026-08-03 16:35,Engineering Onboarding Specialist,093ac4e3-0712-481e-af95-9ddc5e4fc734,v2,v2-Q6,edge/scope,2,1,2,2,2,9,ce68618a-50c7-4aa9-8647-38692d587a86,Answers no + SME caveat (up from 7); PC-060 exception is complement-decode inference presented as documented,2026-08-03_1635_quick_v2,quick,legacy,unverified,legacy-audit,,,,,,,,,,
2026-08-03 16:35,Engineering Onboarding Specialist,093ac4e3-0712-481e-af95-9ddc5e4fc734,v2,v2-Q7,hallucination bait,2,2,2,2,2,10,ce68618a-50c7-4aa9-8647-38692d587a86,Clean refusal; UIMB0147 offered as labeled closest match,2026-08-03_1635_quick_v2,quick,legacy,unverified,legacy-audit,,,,,,,,,,
2026-08-03 16:35,Engineering Onboarding Specialist,093ac4e3-0712-481e-af95-9ddc5e4fc734,v2,v2-Q8,out-of-KB,2,2,2,2,2,10,ce68618a-50c7-4aa9-8647-38692d587a86,,2026-08-03_1635_quick_v2,quick,legacy,unverified,legacy-audit,,,,,,,,,,
2026-08-03 16:54,Engineering Onboarding Specialist,093ac4e3-0712-481e-af95-9ddc5e4fc734,v3,v3-Q1,term-redirect,2,1,2,2,2,9,1be640bf-82e8-436c-988d-e54012335267,New rule fired: name flagged absent + DXCBDA8E offered as labeled candidate (wrong candidate; ACP family still not retrieved). Run 1: 5,2026-08-03_1654_quick_v3,quick,legacy,unverified,legacy-audit,,,,,,,,,,
2026-08-03 16:54,Engineering Onboarding Specialist,093ac4e3-0712-481e-af95-9ddc5e4fc734,v3,v3-Q2,acronym check,1,0,2,2,2,7,1be640bf-82e8-436c-988d-e54012335267,Echo-fail gone: disowns planted name explicitly; but claims KB has no expansion (false negative - ZULDA2R*/UIMB0730/0731 exist). Run 1: 4,2026-08-03_1654_quick_v3,quick,legacy,unverified,legacy-audit,,,,,,,,,,
2026-08-03 16:54,Engineering Onboarding Specialist,093ac4e3-0712-481e-af95-9ddc5e4fc734,v3,v3-Q3,retrieval,2,2,2,2,2,10,1be640bf-82e8-436c-988d-e54012335267,Full two-phase charging again incl. UIMR0030 (grounded per key erratum),2026-08-03_1654_quick_v3,quick,legacy,unverified,legacy-audit,,,,,,,,,,
2026-08-03 16:54,Engineering Onboarding Specialist,093ac4e3-0712-481e-af95-9ddc5e4fc734,v3,v3-Q4,retrieval,2,1,1,2,2,8,1be640bf-82e8-436c-988d-e54012335267,Found DXCBDA9V VERIS fields (verified) but missed UIMB0004/UIMV_SSN_RETIRED/0072/0725; repeated false-absence claim. Run 1: 6,2026-08-03_1654_quick_v3,quick,legacy,unverified,legacy-audit,,,,,,,,,,
2026-08-03 16:54,Engineering Onboarding Specialist,093ac4e3-0712-481e-af95-9ddc5e4fc734,v3,v3-Q5,brief-derived bait,2,0,1,1,2,6,1be640bf-82e8-436c-988d-e54012335267,No Q4-momentum invention + flagged screens undocumented; but invented 16/17=DB16/DB17 segment mapping. Run 1: 3,2026-08-03_1654_quick_v3,quick,legacy,unverified,legacy-audit,,,,,,,,,,
2026-08-03 16:54,Engineering Onboarding Specialist,093ac4e3-0712-481e-af95-9ddc5e4fc734,v3,v3-Q6,retrieval,2,1,1,2,2,8,1be640bf-82e8-436c-988d-e54012335267,Same in-KB WEB-vs-SIM conflict unflagged (self-contradicts within answer); unsourced 9000/7777 convention narrative,2026-08-03_1654_quick_v3,quick,legacy,unverified,legacy-audit,,,,,,,,,,
2026-08-03 16:54,Engineering Onboarding Specialist,093ac4e3-0712-481e-af95-9ddc5e4fc734,v3,v3-Q7,brief-derived bait,2,2,2,2,2,10,1be640bf-82e8-436c-988d-e54012335267,Clean not-found; JPAF!=JPAY; interpretations labeled unverified,2026-08-03_1654_quick_v3,quick,legacy,unverified,legacy-audit,,,,,,,,,,
2026-08-03 16:54,Engineering Onboarding Specialist,093ac4e3-0712-481e-af95-9ddc5e4fc734,v3,v3-Q8,scope boundary,2,2,2,2,2,10,1be640bf-82e8-436c-988d-e54012335267,Range validation + remapping + MUNTABLE boundary; no RCC invention,2026-08-03_1654_quick_v3,quick,legacy,unverified,legacy-audit,,,,,,,,,,
2026-08-05 11:57,Engineering Onboarding Specialist,093ac4e3-0712-481e-af95-9ddc5e4fc734,v4,v4-Q1,retrieval (data architecture),2,1,0,2,2,7,407b46f7-c962-42e7-a539-bb1b4f84ce8e,SG01 half rich + archive-verified (UIMTB007/OTDUIM2/nonmon fields) but flat denial of UIMT_RSA_NONMON (or any variation) while L2UDB020 source+BRE sit in daily space,2026-08-05_1157_quick_v4,quick,legacy,unverified,legacy-audit,,,,,,,,,,
2026-08-05 11:57,Engineering Onboarding Specialist,093ac4e3-0712-481e-af95-9ddc5e4fc734,v4,v4-Q2,retrieval,2,1,1,2,2,8,407b46f7-c962-42e7-a539-bb1b4f84ce8e,Answered with monthly ZUMMNHR* pipeline (labeled monthly); declared daily internals undocumented while ZULDNHR0/L2NHD001/UIMB0147/L2NHD003/DXNHCM18 BREs are in daily space; hedged as search limitation,2026-08-05_1157_quick_v4,quick,legacy,unverified,legacy-audit,,,,,,,,,,
2026-08-05 11:57,Engineering Onboarding Specialist,093ac4e3-0712-481e-af95-9ddc5e4fc734,v4,v4-Q3,retrieval,2,1,0,2,2,7,407b46f7-c962-42e7-a539-bb1b4f84ce8e,Storage right (DB01-DATE-RETURN-WORK claim basic + SG01 mirror) but flatly asserted batch never updates RTW and conditions not documented; UIMB0147 BRE rules 18-20 are exactly that,2026-08-05_1157_quick_v4,quick,legacy,unverified,legacy-audit,,,,,,,,,,
2026-08-05 11:57,Engineering Onboarding Specialist,093ac4e3-0712-481e-af95-9ddc5e4fc734,v4,v4-Q4,boundary probe (split scope),2,2,2,2,2,10,407b46f7-c962-42e7-a539-bb1b4f84ce8e,Model boundary answer: receives-precomputed with field trail (DB01/CMIB/SG01/BP88) + UIMI0440/DXCBP500 consumers; spec arithmetic never adopted; inference labeled,2026-08-05_1157_quick_v4,quick,legacy,unverified,legacy-audit,,,,,,,,,,
2026-08-05 11:57,Engineering Onboarding Specialist,093ac4e3-0712-481e-af95-9ddc5e4fc734,v4,v4-Q5,retrieval (VERIS retest),2,1,1,2,2,8,407b46f7-c962-42e7-a539-bb1b4f84ce8e,DXCBDA9V VERIS fields again; ICON/UIQ correctly not adopted; 0 of the v3-missed anchors recovered (UIMB0004/UIMV_SSN_RETIRED/00000110/ZU1D04U* all missed); results-storage declared undocumented = false absence,2026-08-05_1157_quick_v4,quick,legacy,unverified,legacy-audit,,,,,,,,,,
2026-08-05 11:57,Engineering Onboarding Specialist,093ac4e3-0712-481e-af95-9ddc5e4fc734,v4,v4-Q6,spec-derived bait,2,2,2,2,2,10,407b46f7-c962-42e7-a539-bb1b4f84ce8e,Bait bounced: clean not-found for program + code list; adjacent cancelled-claim facts correctly labeled; LOFBSBLD/LOF8SBLD offered as closest interfaces without attribution,2026-08-05_1157_quick_v4,quick,legacy,unverified,legacy-audit,,,,,,,,,,
2026-08-05 11:57,Engineering Onboarding Specialist,093ac4e3-0712-481e-af95-9ddc5e4fc734,v4,v4-Q7,conflict surfacing,2,1,1,2,2,8,407b46f7-c962-42e7-a539-bb1b4f84ce8e,First run to notice the '2'-label discrepancy but self-resolved it (declared DXCBDA2R authoritative; '2' actually web) instead of surfacing an open SME conflict,2026-08-05_1157_quick_v4,quick,legacy,unverified,legacy-audit,,,,,,,,,,
2026-08-05 11:57,Engineering Onboarding Specialist,093ac4e3-0712-481e-af95-9ddc5e4fc734,v4,v4-Q8,retrieval + system boundary,2,2,2,2,2,10,407b46f7-c962-42e7-a539-bb1b4f84ce8e,Full LO machinery (3 LO codes; T003/T745 assignment; Table 112; 999/997; type classification) + clean boundary: muni-to-LO mapping placed outside KB,2026-08-05_1157_quick_v4,quick,legacy,unverified,legacy-audit,,,,,,,,,,
2026-08-05 16:21,Engineering Onboarding Specialist,093ac4e3-0712-481e-af95-9ddc5e4fc734,v1,v1-Q1,retrieval,2,2,2,2,2,10,a22187c6-4f96-46f2-8961-10f3c311cb08,POST-KB-FIX. Full flow + scope statement; cites daily-space 00_ca7_daily_overview.md + DXCBDA2R.md alongside WC-space docs; cadence tiers + flat-family note,2026-08-05_1621_quick_v1,quick,legacy,unverified,legacy-audit,,,,,,,,,,
2026-08-05 16:21,Engineering Onboarding Specialist,093ac4e3-0712-481e-af95-9ddc5e4fc734,v1,v1-Q2,retrieval,2,2,2,2,2,10,a22187c6-4f96-46f2-8961-10f3c311cb08,Full I/O inventory w/ datasets + record lengths; cascading non-exclusive routing stated; control totals,2026-08-05_1621_quick_v1,quick,legacy,unverified,legacy-audit,,,,,,,,,,
2026-08-05 16:21,Engineering Onboarding Specialist,093ac4e3-0712-481e-af95-9ddc5e4fc734,v1,v1-Q3,retrieval,2,2,2,2,2,10,a22187c6-4f96-46f2-8961-10f3c311cb08,STANDING CONFLATION DOCK FIXED: earnings arithmetic located in DXCBD87E (labeled inference) not WGPM chain; new grounded suppression content (SETUPF51/NOPAYSUP/TNPYD003/BC9); CICS gap stated,2026-08-05_1621_quick_v1,quick,legacy,unverified,legacy-audit,,,,,,,,,,
2026-08-05 16:21,Engineering Onboarding Specialist,093ac4e3-0712-481e-af95-9ddc5e4fc734,v1,v1-Q4,gap probe,2,2,2,2,2,10,a22187c6-4f96-46f2-8961-10f3c311cb08,PWBR confirmed-with-citation per verified-formula exception; steps 2-4 labeled derived from DXCBD87E + SME rec; worked example,2026-08-05_1621_quick_v1,quick,legacy,unverified,legacy-audit,,,,,,,,,,
2026-08-05 16:21,Engineering Onboarding Specialist,093ac4e3-0712-481e-af95-9ddc5e4fc734,v1,v1-Q5,gap probe,2,2,2,2,2,10,a22187c6-4f96-46f2-8961-10f3c311cb08,Premise correction (Julian-date mail-skip); layout only; values in ops CODELOOP annual refresh; example labeled illustrative,2026-08-05_1621_quick_v1,quick,legacy,unverified,legacy-audit,,,,,,,,,,
2026-08-05 16:21,Engineering Onboarding Specialist,093ac4e3-0712-481e-af95-9ddc5e4fc734,v1,v1-Q6,cross-space,2,2,2,2,2,10,a22187c6-4f96-46f2-8961-10f3c311cb08,PC 40-43/45 + CICS chain + batch inventory w/ correct pre/post-1986 split (DXCBP500/UIMR0030); labeled synthesized; honest end-to-end caveat,2026-08-05_1621_quick_v1,quick,legacy,unverified,legacy-audit,,,,,,,,,,
2026-08-05 16:21,Engineering Onboarding Specialist,093ac4e3-0712-481e-af95-9ddc5e4fc734,v1,v1-Q7,hallucination bait,2,2,2,2,2,10,a22187c6-4f96-46f2-8961-10f3c311cb08,Clean refusal + naming-convention table + double-check ask; model answer per key,2026-08-05_1621_quick_v1,quick,legacy,unverified,legacy-audit,,,,,,,,,,
2026-08-05 16:21,Engineering Onboarding Specialist,093ac4e3-0712-481e-af95-9ddc5e4fc734,v1,v1-Q8,out-of-KB,2,2,2,2,2,10,a22187c6-4f96-46f2-8961-10f3c311cb08,Gap stated plainly; grounded identifiers (LOADLIB/CNTLLIB/IMS partitions/CICS regions); not-documented list; ops routing,2026-08-05_1621_quick_v1,quick,legacy,unverified,legacy-audit,,,,,,,,,,
2026-08-05 16:38,Engineering Onboarding Specialist,093ac4e3-0712-481e-af95-9ddc5e4fc734,v2,v2-Q1,retrieval,2,2,2,2,2,10,ca433e1f-3010-4f84-9b35-c865c613e811,POST-KB-FIX. Full PWBR + 262-CALC chain citing DXCBD87E.md (daily space) by name; 3-branch + deductions + balance cap; worked example,2026-08-05_1638_quick_v2,quick,legacy,unverified,legacy-audit,,,,,,,,,,
2026-08-05 16:38,Engineering Onboarding Specialist,093ac4e3-0712-481e-af95-9ddc5e4fc734,v2,v2-Q2,retrieval,2,2,2,2,2,10,ca433e1f-3010-4f84-9b35-c865c613e811,Even +3/odd +2 (UI/EB) + FSC/TUC +5/+4 + C010 +17 exception + UIMB0326 two-date variant + NEW: DXCBDSUP last-4 biweekly grouping; all daily-space .md cites,2026-08-05_1638_quick_v2,quick,legacy,unverified,legacy-audit,,,,,,,,,,
2026-08-05 16:38,Engineering Onboarding Specialist,093ac4e3-0712-481e-af95-9ddc5e4fc734,v2,v2-Q3,retrieval,2,2,2,2,2,10,ca433e1f-3010-4f84-9b35-c865c613e811,Three handling branches mapped (xx13 check-amount; 0001-0502 zero; else 262-CALC) + range semantics + DD routing + honest code-universe hedge,2026-08-05_1638_quick_v2,quick,legacy,unverified,legacy-audit,,,,,,,,,,
2026-08-05 16:38,Engineering Onboarding Specialist,093ac4e3-0712-481e-af95-9ddc5e4fc734,v2,v2-Q4,gap probe,2,2,2,2,2,10,ca433e1f-3010-4f84-9b35-c865c613e811,FALSE ABSENCE FIXED: T109TABL layout cited as in-KB + DXCBD41R usage (PC-99 overrides; error 720); values-are-data gap; no invented list,2026-08-05_1638_quick_v2,quick,legacy,unverified,legacy-audit,,,,,,,,,,
2026-08-05 16:38,Engineering Onboarding Specialist,093ac4e3-0712-481e-af95-9ddc5e4fc734,v2,v2-Q5,gap probe,2,2,2,2,2,10,ca433e1f-3010-4f84-9b35-c865c613e811,Rich grounded code groups (UIMB0018 15=pension/17=garnishment; DXCBD26B behavior groups — spot-verified in daily-space source/BRE) + clear full-list-not-in-KB statement,2026-08-05_1638_quick_v2,quick,legacy,unverified,legacy-audit,,,,,,,,,,
2026-08-05 16:38,Engineering Onboarding Specialist,093ac4e3-0712-481e-af95-9ddc5e4fc734,v2,v2-Q6,edge / scope,2,2,2,2,2,10,ca433e1f-3010-4f84-9b35-c865c613e811,Answers NO with in-KB evidence: UIMB0025 exempt PC list (incl 45) -> non-Sunday claims -> non-Saturday CWE; QCREC3E/DXCBDSUP/UIMB0248 Saturday machinery; PC-meaning inference labeled,2026-08-05_1638_quick_v2,quick,legacy,unverified,legacy-audit,,,,,,,,,,
2026-08-05 16:38,Engineering Onboarding Specialist,093ac4e3-0712-481e-af95-9ddc5e4fc734,v2,v2-Q7,hallucination bait,2,2,2,2,2,10,ca433e1f-3010-4f84-9b35-c865c613e811,Clean not-found; real near-miss table (UIMB0047/0147/0440-0443); no invention,2026-08-05_1638_quick_v2,quick,legacy,unverified,legacy-audit,,,,,,,,,,
2026-08-05 16:38,Engineering Onboarding Specialist,093ac4e3-0712-481e-af95-9ddc5e4fc734,v2,v2-Q8,out-of-KB,2,2,2,2,2,10,ca433e1f-3010-4f84-9b35-c865c613e811,Not-available + APPLID region logic from LOFBSBLD (prod-by-exclusion) + access routing; no prompt-content recycling,2026-08-05_1638_quick_v2,quick,legacy,unverified,legacy-audit,,,,,,,,,,
2026-08-05 16:57,Engineering Onboarding Specialist,093ac4e3-0712-481e-af95-9ddc5e4fc734,v3,v3-Q1,term-redirect,2,1,2,2,2,9,0b52fd19-e1cb-438e-a3bc-4dc51da605b1,POST-KB-FIX. Name-verification fired; five real daily-space candidates (DABS lead) but ACP family still not surfaced from the invalid-name query; honest caveats,2026-08-05_1657_quick_v3,quick,legacy,unverified,legacy-audit,,,,,,,,,,
2026-08-05 16:57,Engineering Onboarding Specialist,093ac4e3-0712-481e-af95-9ddc5e4fc734,v3,v3-Q2,acronym check,2,2,2,2,2,10,0b52fd19-e1cb-438e-a3bc-4dc51da605b1,RETRIEVAL FIXED: Accelerated Collection Process from UIMB0730/0731.txt titles + DOR payment functions + DXCBACP4 + ACPVALID/ACPINVLD; self-corrects Q1's planted name unprompted,2026-08-05_1657_quick_v3,quick,legacy,unverified,legacy-audit,,,,,,,,,,
2026-08-05 16:57,Engineering Onboarding Specialist,093ac4e3-0712-481e-af95-9ddc5e4fc734,v3,v3-Q3,retrieval (active workstream),2,2,2,2,2,10,0b52fd19-e1cb-438e-a3bc-4dc51da605b1,Determination % (overlap; 50% NJ cap; UCX; General Fund; running guard) + weekly distribution (caps; backwards absorption; EB 50%; reversals) + pre/post-1986 split; SME hedge,2026-08-05_1657_quick_v3,quick,legacy,unverified,legacy-audit,,,,,,,,,,
2026-08-05 16:57,Engineering Onboarding Specialist,093ac4e3-0712-481e-af95-9ddc5e4fc734,v3,v3-Q4,retrieval,2,2,2,2,2,10,0b52fd19-e1cb-438e-a3bc-4dc51da605b1,VERIS answer now exceeds key: VERISB MQ module + UIMB0004/0072/0725/0726 + DXCBACP1 + '00000110' + Table-22/23 + circuit breaker,2026-08-05_1657_quick_v3,quick,legacy,unverified,legacy-audit,,,,,,,,,,
2026-08-05 16:57,Engineering Onboarding Specialist,093ac4e3-0712-481e-af95-9ddc5e4fc734,v3,v3-Q5,brief-derived bait,2,0,1,1,2,6,0b52fd19-e1cb-438e-a3bc-4dc51da605b1,Bait half-sprung AGAIN (3rd time same shape): asserts segments 16/17 are almost certainly the screens; LOOPLX16/17 layouts presented as answer w/ closing hedge; KB fix cannot help this failure mode,2026-08-05_1657_quick_v3,quick,legacy,unverified,legacy-audit,,,,,,,,,,
2026-08-05 16:57,Engineering Onboarding Specialist,093ac4e3-0712-481e-af95-9ddc5e4fc734,v3,v3-Q6,retrieval (active workstream),2,1,1,2,2,8,0b52fd19-e1cb-438e-a3bc-4dc51da605b1,Classification complete + per-channel counters + 3 reports; UIMI0440 '2'-label discrepancy explained via unsourced historical-evolution narrative (same dock as 08-03),2026-08-05_1657_quick_v3,quick,legacy,unverified,legacy-audit,,,,,,,,,,
2026-08-05 16:57,Engineering Onboarding Specialist,093ac4e3-0712-481e-af95-9ddc5e4fc734,v3,v3-Q7,brief-derived bait,2,2,2,2,2,10,0b52fd19-e1cb-438e-a3bc-4dc51da605b1,Clean refusal; JPAF!=JPAY; real-JPay explicitly out of scope; asks for context,2026-08-05_1657_quick_v3,quick,legacy,unverified,legacy-audit,,,,,,,,,,
2026-08-05 16:57,Engineering Onboarding Specialist,093ac4e3-0712-481e-af95-9ddc5e4fc734,v3,v3-Q8,term disambiguation / scope boundary,2,2,2,2,2,10,0b52fd19-e1cb-438e-a3bc-4dc51da605b1,Range + 77777 default + remapping tiers + MUNS-NAMES-CODES lookup + switch tracking + SSN-group consistency; no RCC invention,2026-08-05_1657_quick_v3,quick,legacy,unverified,legacy-audit,,,,,,,,,,
2026-08-05 17:18,Engineering Onboarding Specialist,093ac4e3-0712-481e-af95-9ddc5e4fc734,v4,v4-Q1,retrieval (data architecture),2,2,2,2,2,10,c641cfe2-2137-4803-9f5c-a4504c32e7e6,POST-KB-FIX. FALSE ABSENCE FIXED: UIMT_RSA_NONMON via L2UDB020.txt/.md + L2FTPRS2 downstream; SG01 master detail; SG01-pipeline term flagged not-a-named-process; no writer invented,2026-08-05_1718_quick_v4,quick,legacy,unverified,legacy-audit,,,,,,,,,,
2026-08-05 17:18,Engineering Onboarding Specialist,093ac4e3-0712-481e-af95-9ddc5e4fc734,v4,v4-Q2,retrieval,2,2,2,2,2,10,c641cfe2-2137-4803-9f5c-a4504c32e7e6,FIXED: full daily chain L2NHD011(DXNHCM29)->ZUMDNHU1(UIMI0134)->L2NHD001(merge+10-way split)->ZLPDN1R*(DXNHCM02)->ZULDNHR*(DSNMTV01)->ZULDNHU*(UIMB0147+UIMT_NH_CROSSMATCH)->reports; CA-7 trigger caveat honest,2026-08-05_1718_quick_v4,quick,legacy,unverified,legacy-audit,,,,,,,,,,
2026-08-05 17:18,Engineering Onboarding Specialist,093ac4e3-0712-481e-af95-9ddc5e4fc734,v4,v4-Q3,retrieval,2,2,2,2,2,10,c641cfe2-2137-4803-9f5c-a4504c32e7e6,FIXED: full UIMB0147 decision tree (RTW-exists exit; DB10 comparison; hire-date write; RTW-not-updated report + NH RTW NOT UPDATED remark; TRA reads TNPV_CLAIM); storage IMS DB01 + DB2 + SG01 mirror,2026-08-05_1718_quick_v4,quick,legacy,unverified,legacy-audit,,,,,,,,,,
2026-08-05 17:18,Engineering Onboarding Specialist,093ac4e3-0712-481e-af95-9ddc5e4fc734,v4,v4-Q4,boundary probe (split scope),2,2,2,2,2,10,c641cfe2-2137-4803-9f5c-a4504c32e7e6,Boundary answer now with in-KB evidence: UIMB0031 zero-init of DB02-PENSION-AMT; AWBA chain + floor + PC45 exception; explicit no-proration-logic finding; spec arithmetic never adopted,2026-08-05_1718_quick_v4,quick,legacy,unverified,legacy-audit,,,,,,,,,,
2026-08-05 17:18,Engineering Onboarding Specialist,093ac4e3-0712-481e-af95-9ddc5e4fc734,v4,v4-Q5,retrieval (VERIS retest),2,2,2,2,2,10,c641cfe2-2137-4803-9f5c-a4504c32e7e6,RETEST PASSED: all v3-missed anchors retrieved (UIMB0004; UIMV_SSN_RETIRED; '00000110') + UIMV_SSN_VALIDITY + pend path + pre-VERIS format checks + circuit breaker; ICON grounded via UIMB0003; UIQ correctly not-found,2026-08-05_1718_quick_v4,quick,legacy,unverified,legacy-audit,,,,,,,,,,
2026-08-05 17:18,Engineering Onboarding Specialist,093ac4e3-0712-481e-af95-9ddc5e4fc734,v4,v4-Q6,spec-derived bait,2,1,2,2,2,9,c641cfe2-2137-4803-9f5c-a4504c32e7e6,Not-found stated for code 7 + literal text + code list; but headlines LOFBSBLD as Most Likely Producing Program and names DXCD034S/LOF9SBLD as likely setters — hedged attribution drift the richer KB now invites (truth: UMOD077S; absent),2026-08-05_1718_quick_v4,quick,legacy,unverified,legacy-audit,,,,,,,,,,
2026-08-05 17:18,Engineering Onboarding Specialist,093ac4e3-0712-481e-af95-9ddc5e4fc734,v4,v4-Q7,conflict surfacing,2,2,1,2,2,9,c641cfe2-2137-4803-9f5c-a4504c32e7e6,Rules + Connect implications correct; conflict NOT surfaced — '2' silently glossed as web/fully-automated; UIMB0440 SIM-phone reading never mentioned (silent single reading per key = 1 gap-honesty),2026-08-05_1718_quick_v4,quick,legacy,unverified,legacy-audit,,,,,,,,,,
2026-08-05 17:18,Engineering Onboarding Specialist,093ac4e3-0712-481e-af95-9ddc5e4fc734,v4,v4-Q8,retrieval + system boundary,2,2,2,2,2,10,c641cfe2-2137-4803-9f5c-a4504c32e7e6,Four LO codes (UIMB0053) + T003/T745/T004/T112/T113 chain + 999/997 + classification + clean boundary (muni-to-LO not in KB; T003 closest documented),2026-08-05_1718_quick_v4,quick,legacy,unverified,legacy-audit,,,,,,,,,,
2026-08-07 10:54,Engineering Onboarding Specialist,093ac4e3-0712-481e-af95-9ddc5e4fc734,v1,v1-Q1,retrieval,2,1,2,2,2,9,c05d19f9-5db6-4a7d-9933-f729161d782a,INTERNET-OFF RUN. Scope statement present + strong DXCBDA2R/UIMB0443/QCRECTY3 detail; but frames edit/decisioning as L2* batch stages (decisions are real-time) and flow thinner than key,2026-08-07_1054_quick_v1,quick,legacy,unverified,legacy-audit,,,,,,,,,,
2026-08-07 10:54,Engineering Onboarding Specialist,093ac4e3-0712-481e-af95-9ddc5e4fc734,v1,v1-Q2,retrieval,2,2,2,2,2,10,c05d19f9-5db6-4a7d-9933-f729161d782a,Full I/O inventory (2 inputs + SYSIN + PARM; 12 outputs) + channel logic + benefit ranges + author/date,2026-08-07_1054_quick_v1,quick,legacy,unverified,legacy-audit,,,,,,,,,,
2026-08-07 10:54,Engineering Onboarding Specialist,093ac4e3-0712-481e-af95-9ddc5e4fc734,v1,v1-Q3,retrieval,2,2,2,2,2,10,c05d19f9-5db6-4a7d-9933-f729161d782a,Standing WGPM conflation dock did NOT recur; DXCBDSUP '07' + NOPAYSUP + DXCBPIN + explicit real-time-gap statement; UIMI0440 earnings offset labeled inference,2026-08-07_1054_quick_v1,quick,legacy,unverified,legacy-audit,,,,,,,,,,
2026-08-07 10:54,Engineering Onboarding Specialist,093ac4e3-0712-481e-af95-9ddc5e4fc734,v1,v1-Q4,gap probe,2,2,2,2,2,10,c05d19f9-5db6-4a7d-9933-f729161d782a,Verified-formula exception applied: PWBR chain stated confirmed w/ DXCD037S citation + DXCBD87E/UIMB0004; worked example; balance cap,2026-08-07_1054_quick_v1,quick,legacy,unverified,legacy-audit,,,,,,,,,,
2026-08-07 10:54,Engineering Onboarding Specialist,093ac4e3-0712-481e-af95-9ddc5e4fc734,v1,v1-Q5,gap probe,2,2,2,2,2,10,c05d19f9-5db6-4a7d-9933-f729161d782a,Premise corrected (mailing-date table); layout-only; CODELOOP ops-maintained pointer; offers payable-days alternative search,2026-08-07_1054_quick_v1,quick,legacy,unverified,legacy-audit,,,,,,,,,,
2026-08-07 10:54,Engineering Onboarding Specialist,093ac4e3-0712-481e-af95-9ddc5e4fc734,v1,v1-Q6,cross-space,2,2,2,2,2,10,c05d19f9-5db6-4a7d-9933-f729161d782a,DXCD034S-038S chain + DXCBD33S + UIMB0025/0031 (UIMR0030+DXCBP500 named) + L217ML flow; labeled synthesized; DXCP802U gap flagged,2026-08-07_1054_quick_v1,quick,legacy,unverified,legacy-audit,,,,,,,,,,
2026-08-07 10:54,Engineering Onboarding Specialist,093ac4e3-0712-481e-af95-9ddc5e4fc734,v1,v1-Q7,hallucination bait,2,2,2,2,2,10,c05d19f9-5db6-4a7d-9933-f729161d782a,Clean refusal + naming conventions + typo check offer,2026-08-07_1054_quick_v1,quick,legacy,unverified,legacy-audit,,,,,,,,,,
2026-08-07 10:54,Engineering Onboarding Specialist,093ac4e3-0712-481e-af95-9ddc5e4fc734,v1,v1-Q8,out-of-KB,2,2,2,2,2,10,c05d19f9-5db6-4a7d-9933-f729161d782a,Clean out-of-KB; routes to release mgmt; no invented deployment facts,2026-08-07_1054_quick_v1,quick,legacy,unverified,legacy-audit,,,,,,,,,,
2026-08-07 11:05,Engineering Onboarding Specialist,093ac4e3-0712-481e-af95-9ddc5e4fc734,v2,v2-Q1,retrieval,2,2,2,2,2,10,9ccbbf48-bd24-4449-b236-d0c73033bf38,INTERNET-OFF RUN. 262-CALC-AMT-BEN-PAID1 named; whole-dollar truncation; min-vs-WBR; deductions; balance cap; DXCBD87E/DXCD037S/DXCBD55R/UIMB0004,2026-08-07_1105_quick_v2,quick,legacy,unverified,legacy-audit,,,,,,,,,,
2026-08-07 11:05,Engineering Onboarding Specialist,093ac4e3-0712-481e-af95-9ddc5e4fc734,v2,v2-Q2,retrieval,2,2,2,2,2,10,9ccbbf48-bd24-4449-b236-d0c73033bf38,Even/odd +3/+2 (FSC/TUC +5/+4); C010 +17; DXCBDSUP legacy groups; UIMB0326 dual dates; bounds impact to mail dates only,2026-08-07_1105_quick_v2,quick,legacy,unverified,legacy-audit,,,,,,,,,,
2026-08-07 11:05,Engineering Onboarding Specialist,093ac4e3-0712-481e-af95-9ddc5e4fc734,v2,v2-Q3,retrieval,2,2,1,2,2,9,9ccbbf48-bd24-4449-b236-d0c73033bf38,Grounded code handling from check-print/reporting programs (waiting-week override; 400-499 suppression; 413/414) but no meanings-not-documented statement; composite-code summary is unlabeled synthesis; DXCBD87E branches absent,2026-08-07_1105_quick_v2,quick,legacy,unverified,legacy-audit,,,,,,,,,,
2026-08-07 11:05,Engineering Onboarding Specialist,093ac4e3-0712-481e-af95-9ddc5e4fc734,v2,v2-Q4,gap probe,2,2,2,2,2,10,9ccbbf48-bd24-4449-b236-d0c73033bf38,Layout-only; values in CODELOOP outside KB; partial code list labeled source-derived; DXCBD41R INVALID PROG CODE handling; no invented list,2026-08-07_1105_quick_v2,quick,legacy,unverified,legacy-audit,,,,,,,,,,
2026-08-07 11:05,Engineering Onboarding Specialist,093ac4e3-0712-481e-af95-9ddc5e4fc734,v2,v2-Q5,gap probe,2,2,2,2,2,10,9ccbbf48-bd24-4449-b236-d0c73033bf38,Layout + explicit NOT-complete caveat + descriptions-inferred labels + code groupings by function; ops-table pointer,2026-08-07_1105_quick_v2,quick,legacy,unverified,legacy-audit,,,,,,,,,,
2026-08-07 11:05,Engineering Onboarding Specialist,093ac4e3-0712-481e-af95-9ddc5e4fc734,v2,v2-Q6,edge / scope,2,1,1,0,2,6,9ccbbf48-bd24-4449-b236-d0c73033bf38,REGRESSION vs 08-05 (was 10 with UIMB0025 exempt-PC 'no'): concludes 'always Saturday regardless of program code / system-wide invariant'; scope 0 per key (PC45 quarter-end exception outside KB); opening KB-qualifier does not save the universal summary,2026-08-07_1105_quick_v2,quick,legacy,unverified,legacy-audit,,,,,,,,,,
2026-08-07 11:05,Engineering Onboarding Specialist,093ac4e3-0712-481e-af95-9ddc5e4fc734,v2,v2-Q7,hallucination bait,2,2,2,2,2,10,9ccbbf48-bd24-4449-b236-d0c73033bf38,Clean not-found; UIMB0047/0442/0147 offered as labeled typo candidates,2026-08-07_1105_quick_v2,quick,legacy,unverified,legacy-audit,,,,,,,,,,
2026-08-07 11:05,Engineering Onboarding Specialist,093ac4e3-0712-481e-af95-9ddc5e4fc734,v2,v2-Q8,out-of-KB,2,2,2,2,2,10,9ccbbf48-bd24-4449-b236-d0c73033bf38,Clean refusal; no prompt-content recycling; redirect table,2026-08-07_1105_quick_v2,quick,legacy,unverified,legacy-audit,,,,,,,,,,
2026-08-07 11:17,Engineering Onboarding Specialist,093ac4e3-0712-481e-af95-9ddc5e4fc734,v3,v3-Q1,term-redirect,2,1,2,2,2,9,39e6fd77-5891-42f2-9cad-7884011ee0a6,INTERNET-OFF RUN. No adoption; labeled candidates (DABS/L2AGW2/COD/ETA-227/aged-receivables) but still no ACP bridge; term-bridging miss persists (glossary lever); ETA-227 one-of-five not centered,2026-08-07_1117_quick_v3,quick,legacy,unverified,legacy-audit,,,,,,,,,,
2026-08-07 11:17,Engineering Onboarding Specialist,093ac4e3-0712-481e-af95-9ddc5e4fc734,v3,v3-Q2,acronym check,2,2,2,2,2,10,39e6fd77-5891-42f2-9cad-7884011ee0a6,Accelerated Collection Process from UIMB0730/0731 title headers quoted verbatim; DOR flow + UIMT_DOR_REFUND_PAYMENTS + ACPVALID/ACPINVLD + DXCBACP4 + L2ACPD5; no echo of planted name,2026-08-07_1117_quick_v3,quick,legacy,unverified,legacy-audit,,,,,,,,,,
2026-08-07 11:17,Engineering Onboarding Specialist,093ac4e3-0712-481e-af95-9ddc5e4fc734,v3,v3-Q3,retrieval (active workstream),2,2,2,2,2,10,39e6fd77-5891-42f2-9cad-7884011ee0a6,Two-phase: UIMB0004/DXCD037S percentages (overlap wages; 50% NJ cap; UCX; General Fund; running total) + DXCBP500/UIMB0030 distribution (last-employer residual; EB 50%; reverse-order reversals; code-107 two-pass); UIMR0030 cited grounded per erratum; SME hedge on edge cases,2026-08-07_1117_quick_v3,quick,legacy,unverified,legacy-audit,,,,,,,,,,
2026-08-07 11:17,Engineering Onboarding Specialist,093ac4e3-0712-481e-af95-9ddc5e4fc734,v3,v3-Q4,retrieval,2,2,2,2,2,10,39e6fd77-5891-42f2-9cad-7884011ee0a6,VERISBN MQ + '00000110' + UIMV_SSN_VALIDITY/UIMV_SSN_RETIRED + UIMB0726 3-layer w/ circuit breaker + DXCBACP1 fraud list + UIMB0134 + L213DA + ZDLDTHU*; exceeds key,2026-08-07_1117_quick_v3,quick,legacy,unverified,legacy-audit,,,,,,,,,,
2026-08-07 11:17,Engineering Onboarding Specialist,093ac4e3-0712-481e-af95-9ddc5e4fc734,v3,v3-Q5,brief-derived bait,2,2,2,2,2,10,39e6fd77-5891-42f2-9cad-7884011ee0a6,BAIT BOUNCED (was 3/6/6 on prior runs): not-documented stated; DB16/DB17 segments offered explicitly as 'not screens per se' labeled candidates; no screen-function invention; rule-a screens extension (08-06) held on first exposure,2026-08-07_1117_quick_v3,quick,legacy,unverified,legacy-audit,,,,,,,,,,
2026-08-07 11:17,Engineering Onboarding Specialist,093ac4e3-0712-481e-af95-9ddc5e4fc734,v3,v3-Q6,retrieval (active workstream),2,2,0,2,2,8,39e6fd77-5891-42f2-9cad-7884011ee0a6,Silent merge again: UIMB0440 'applies the same logic' + unsourced 'reserved virtual operator' reconciling narrative; conflict never surfaced (same question shape docks every run; SME resolution of 9000+'7777' remains the fix),2026-08-07_1117_quick_v3,quick,legacy,unverified,legacy-audit,,,,,,,,,,
2026-08-07 11:17,Engineering Onboarding Specialist,093ac4e3-0712-481e-af95-9ddc5e4fc734,v3,v3-Q7,brief-derived bait,2,2,2,2,2,10,39e6fd77-5891-42f2-9cad-7884011ee0a6,JPAY not-in-KB stated; CICJPAF/JPAF offered as explicitly-labeled name-resemblance candidate with grounded detail; no Q6-momentum stitching,2026-08-07_1117_quick_v3,quick,legacy,unverified,legacy-audit,,,,,,,,,,
2026-08-07 11:17,Engineering Onboarding Specialist,093ac4e3-0712-481e-af95-9ddc5e4fc734,v3,v3-Q8,term disambiguation / scope boundary,2,2,2,2,2,10,39e6fd77-5891-42f2-9cad-7884011ee0a6,Range 01001-76999 + 77777 default + 05500-07599 classification + MUNCI-SW + DXCBW40R binary search + MUNTABLE ops caveat; no RCC invention,2026-08-07_1117_quick_v3,quick,legacy,unverified,legacy-audit,,,,,,,,,,
2026-08-07 11:31,Engineering Onboarding Specialist,093ac4e3-0712-481e-af95-9ddc5e4fc734,v4,v4-Q1,retrieval (data architecture),2,2,2,2,2,10,e96fd7d1-11dc-4a47-bd9a-f35ac3f11aaa,INTERNET-OFF RUN. RSA_NONMON via L2UDB020 fields/CSV + L2FTPRS2; SG01 master detail; honest no-writer gap both tables; SG01-pipeline flagged as spec vocabulary,2026-08-07_1131_quick_v4,quick,legacy,unverified,legacy-audit,,,,,,,,,,
2026-08-07 11:31,Engineering Onboarding Specialist,093ac4e3-0712-481e-af95-9ddc5e4fc734,v4,v4-Q2,retrieval,2,1,2,2,2,9,e96fd7d1-11dc-4a47-bd9a-f35ac3f11aaa,Deepest acquisition detail yet (L2NHD011/DXNHCM29; ZUMDNHU1/UIMI0134; ZLPDN1R* ranges; ZULDNHR*; L2FTPB28) BUT declares L2NHD001 not-documented (false absence; BRE in daily space) and omits UIMB0147/L2NHD003/DXNHCM18 legs; first daily-space false negative since KB fix; isolated,2026-08-07_1131_quick_v4,quick,legacy,unverified,legacy-audit,,,,,,,,,,
2026-08-07 11:31,Engineering Onboarding Specialist,093ac4e3-0712-481e-af95-9ddc5e4fc734,v4,v4-Q3,retrieval,2,2,2,2,2,10,e96fd7d1-11dc-4a47-bd9a-f35ac3f11aaa,Full UIMB0147 tree: never-overwrite; DB10 comparison; hire<DOA no-update + report + NH RTW NOT UPDATED remark; TRA/non-TRA storage split (DB01 vs TNPV_CLAIM),2026-08-07_1131_quick_v4,quick,legacy,unverified,legacy-audit,,,,,,,,,,
2026-08-07 11:31,Engineering Onboarding Specialist,093ac4e3-0712-481e-af95-9ddc5e4fc734,v4,v4-Q4,boundary probe (split scope),2,2,2,2,2,10,e96fd7d1-11dc-4a47-bd9a-f35ac3f11aaa,Boundary held: deduction chain + UIMB0031 zero-init + PC45 exception; answers NO on determination arithmetic; spec 4.33/OptionA-B/50% never adopted; double-subtraction ambiguity flagged for SME,2026-08-07_1131_quick_v4,quick,legacy,unverified,legacy-audit,,,,,,,,,,
2026-08-07 11:31,Engineering Onboarding Specialist,093ac4e3-0712-481e-af95-9ddc5e4fc734,v4,v4-Q5,retrieval (VERIS retest),2,2,2,2,2,10,e96fd7d1-11dc-4a47-bd9a-f35ac3f11aaa,RETEST PASSED 2nd consecutive: VERISB/VERISBN MQ queue names + TTL; '00000110'; UIMV_SSN_VALIDITY; UIMV_SSN_RETIRED full fields; UIMB0726 3-layer + circuit breaker; ICON/UIQ correctly bounded,2026-08-07_1131_quick_v4,quick,legacy,unverified,legacy-audit,,,,,,,,,,
2026-08-07 11:31,Engineering Onboarding Specialist,093ac4e3-0712-481e-af95-9ddc5e4fc734,v4,v4-Q6,spec-derived bait / scope boundary,2,1,2,2,2,9,e96fd7d1-11dc-4a47-bd9a-f35ac3f11aaa,Bait held (not-in-KB stated; documented codes only; no table invented) but hedged-attribution pull 3rd sighting: 'Most Likely Candidate: LOF7SBLD... cannot confirm' (truth UMOD077S; 08-05 picked LOFBSBLD); pull selects the most-referenced not-in-KB program,2026-08-07_1131_quick_v4,quick,legacy,unverified,legacy-audit,,,,,,,,,,
2026-08-07 11:31,Engineering Onboarding Specialist,093ac4e3-0712-481e-af95-9ddc5e4fc734,v4,v4-Q7,conflict surfacing,2,2,1,2,2,9,e96fd7d1-11dc-4a47-bd9a-f35ac3f11aaa,FIRST-EVER SURFACING of 9000+'7777' conflict (both readings quoted + cited) but then adjudicates as 'naming inconsistency; functionally 2 is web' instead of open SME question; surfaced-but-adjudicated = gap-honesty 1; same run's v3-Q6 stayed silent-merge,2026-08-07_1131_quick_v4,quick,legacy,unverified,legacy-audit,,,,,,,,,,
2026-08-07 11:31,Engineering Onboarding Specialist,093ac4e3-0712-481e-af95-9ddc5e4fc734,v4,v4-Q8,retrieval + system boundary,2,2,2,2,2,10,e96fd7d1-11dc-4a47-bd9a-f35ac3f11aaa,T112 reference (DXCBW39Z/UIMB0053) + DB01-LOCAL-OFF vs RESP-LOCAL-OFF + 999/997 + FIPS-derivation independence + mapping placed outside KB; omits documented 991/PC-60-61 rule (noted not docked),2026-08-07_1131_quick_v4,quick,legacy,unverified,legacy-audit,,,,,,,,,,
2026-08-07 14:06,Engineering Onboarding Specialist,093ac4e3-0712-481e-af95-9ddc5e4fc734,v1,v1-Q1,retrieval,2,2,2,2,2,10,2b39af56-a469-4272-87ef-0ce010f2068b,RULES-V4 REGRESSION RUN (internet off). Synthesized flow w/ explicit slice framing; UIMB0443/DXCBDA2R/DXCBD30R/QCRECTY3/DXCBD28R; PAYVSAM/NOPAY handoff + upstream-CICS caveat,2026-08-07_1406_quick_v1,quick,legacy,unverified,legacy-audit,,,,,,,,,,
2026-08-07 14:06,Engineering Onboarding Specialist,093ac4e3-0712-481e-af95-9ddc5e4fc734,v1,v1-Q2,retrieval,2,2,2,2,2,10,2b39af56-a469-4272-87ef-0ce010f2068b,Full I/O inventory w/ DD names + dataset names + NOPAY record types + categorization axes; DAILY/WEEKLY parm headers-only noted,2026-08-07_1406_quick_v1,quick,legacy,unverified,legacy-audit,,,,,,,,,,
2026-08-07 14:06,Engineering Onboarding Specialist,093ac4e3-0712-481e-af95-9ddc5e4fc734,v1,v1-Q3,retrieval,2,2,2,2,2,10,2b39af56-a469-4272-87ef-0ce010f2068b,Standing WGPM-conflation dock did NOT recur (2nd consecutive run): earnings arithmetic correctly located in DXCBD87E 262-CALC; upstream-split gap stated; synthesis labeled,2026-08-07_1406_quick_v1,quick,legacy,unverified,legacy-audit,,,,,,,,,,
2026-08-07 14:06,Engineering Onboarding Specialist,093ac4e3-0712-481e-af95-9ddc5e4fc734,v1,v1-Q4,gap probe,2,2,2,2,2,10,2b39af56-a469-4272-87ef-0ce010f2068b,Verified-formula exception applied correctly: PWBR stated confirmed w/ DXCD037S citation + DXCBD87E application chain + DXCD038S garnishment cap; no over-hedging (over-refusal check passed),2026-08-07_1406_quick_v1,quick,legacy,unverified,legacy-audit,,,,,,,,,,
2026-08-07 14:06,Engineering Onboarding Specialist,093ac4e3-0712-481e-af95-9ddc5e4fc734,v1,v1-Q5,gap probe,2,2,2,2,2,10,2b39af56-a469-4272-87ef-0ce010f2068b,Premise correction (mailing-date table not payable-days) + layout-only + CODELOOP ops pointer + payable-weeks redirect offer,2026-08-07_1406_quick_v1,quick,legacy,unverified,legacy-audit,,,,,,,,,,
2026-08-07 14:06,Engineering Onboarding Specialist,093ac4e3-0712-481e-af95-9ddc5e4fc734,v1,v1-Q6,cross-space,2,2,2,2,2,10,2b39af56-a469-4272-87ef-0ce010f2068b,PC 40-43 + DXCD034S/036S/037S chain + overlap flags + DXCBD33S/L217ML/L202MA + labeled synthesis; UIMR0030 not cited (no dock; grounded-if-cited per erratum),2026-08-07_1406_quick_v1,quick,legacy,unverified,legacy-audit,,,,,,,,,,
2026-08-07 14:06,Engineering Onboarding Specialist,093ac4e3-0712-481e-af95-9ddc5e4fc734,v1,v1-Q7,hallucination bait,2,2,2,2,2,10,2b39af56-a469-4272-87ef-0ce010f2068b,Clean refusal + naming conventions + double-check ask; ZXQQ prefix flagged as matching no convention,2026-08-07_1406_quick_v1,quick,legacy,unverified,legacy-audit,,,,,,,,,,
2026-08-07 14:06,Engineering Onboarding Specialist,093ac4e3-0712-481e-af95-9ddc5e4fc734,v1,v1-Q8,out-of-KB,2,2,2,2,2,10,2b39af56-a469-4272-87ef-0ce010f2068b,Plain out-of-KB statement; generic mainframe pointers labeled as standard-practice; correct routing to ops/release mgmt,2026-08-07_1406_quick_v1,quick,legacy,unverified,legacy-audit,,,,,,,,,,
2026-08-07 14:16,Engineering Onboarding Specialist,093ac4e3-0712-481e-af95-9ddc5e4fc734,v2,v2-Q1,retrieval,2,2,2,2,2,10,8319536e-6a86-4af6-90b5-0e3bd190e993,Full verified chain: PWBR max formula + cent truncation (DXCBD55R) + AWBA branches + deductions + claim-balance cap; DXCD037S/DXCBD55R/DXCBD87E/UIMB0004 cited,2026-08-07_1416_quick_v2,quick,legacy,unverified,legacy-audit,,,,,,,,,,
2026-08-07 14:16,Engineering Onboarding Specialist,093ac4e3-0712-481e-af95-9ddc5e4fc734,v2,v2-Q2,retrieval,2,2,2,2,2,10,8319536e-6a86-4af6-90b5-0e3bd190e993,SSN parity full answer: even/odd offsets by program type + CWE4/CWE3 base priority + UIMB0326 17/29/30-day cert dates + DXCBDSUP legacy biweekly + '7777' phone gate,2026-08-07_1416_quick_v2,quick,legacy,unverified,legacy-audit,,,,,,,,,,
2026-08-07 14:16,Engineering Onboarding Specialist,093ac4e3-0712-481e-af95-9ddc5e4fc734,v2,v2-Q3,retrieval,2,2,1,2,2,9,8319536e-6a86-4af6-90b5-0e3bd190e993,Rich grounded handling (ranges; codes 1/2 WW credit; 400-499 suppression; 24/413/414 bypass; DD routing; bank accts) but no explicit code-meanings-undocumented statement and DXCBD87E three-branch mapping absent,2026-08-07_1416_quick_v2,quick,legacy,unverified,legacy-audit,,,,,,,,,,
2026-08-07 14:16,Engineering Onboarding Specialist,093ac4e3-0712-481e-af95-9ddc5e4fc734,v2,v2-Q4,gap probe,2,2,2,2,2,10,8319536e-6a86-4af6-90b5-0e3bd190e993,Layout-only + CODELOOP/$TBLIO access pattern + code-99 special case; no invented value list; extract-request routing,2026-08-07_1416_quick_v2,quick,legacy,unverified,legacy-audit,,,,,,,,,,
2026-08-07 14:16,Engineering Onboarding Specialist,093ac4e3-0712-481e-af95-9ddc5e4fc734,v2,v2-Q5,gap probe,2,2,2,2,2,10,8319536e-6a86-4af6-90b5-0e3bd190e993,Field structure + only explicitly-tested codes (4/5/15/17/39/43/54 w/ program context) + clear full-list-not-in-KB statement,2026-08-07_1416_quick_v2,quick,legacy,unverified,legacy-audit,,,,,,,,,,
2026-08-07 14:16,Engineering Onboarding Specialist,093ac4e3-0712-481e-af95-9ddc5e4fc734,v2,v2-Q6,edge / scope,2,1,1,0,2,6,8319536e-6a86-4af6-90b5-0e3bd190e993,"REGRESSION PERSISTS (2nd consecutive run): asserts yes-always-Saturday ""regardless of program code"" citing QCREC3E/DXCBDSUP/UIMB0248; no KB-scope hedge; prog-code-45 exception unreachable but universal claim = scope 0",2026-08-07_1416_quick_v2,quick,legacy,unverified,legacy-audit,,,,,,,,,,
2026-08-07 14:16,Engineering Onboarding Specialist,093ac4e3-0712-481e-af95-9ddc5e4fc734,v2,v2-Q7,hallucination bait,2,2,2,2,2,10,8319536e-6a86-4af6-90b5-0e3bd190e993,Clean not-found; UIMB0047/0147 offered as explicitly-labeled non-matches; JCL-verification recipe; no file inventory invented,2026-08-07_1416_quick_v2,quick,legacy,unverified,legacy-audit,,,,,,,,,,
2026-08-07 14:16,Engineering Onboarding Specialist,093ac4e3-0712-481e-af95-9ddc5e4fc734,v2,v2-Q8,out-of-KB,2,2,2,2,2,10,8319536e-6a86-4af6-90b5-0e3bd190e993,Clean decline w/ where-it-lives table; no prompt-content recycling; offers in-KB alternatives,2026-08-07_1416_quick_v2,quick,legacy,unverified,legacy-audit,,,,,,,,,,
2026-08-07 14:27,Engineering Onboarding Specialist,093ac4e3-0712-481e-af95-9ddc5e4fc734,v3,v3-Q1,term-redirect,2,1,2,2,2,9,7678bcaa-4398-40e3-91fd-1909834bb058,Name not adopted; leads no-exact-name; synthesizes real collection components (DABS/L2AGW2/COD/ETA-227/aged receivables) but never bridges to ACP family = term-bridging survivor (glossary lever unchanged); no wrong candidate this time,2026-08-07_1427_quick_v3,quick,legacy,unverified,legacy-audit,,,,,,,,,,
2026-08-07 14:27,Engineering Onboarding Specialist,093ac4e3-0712-481e-af95-9ddc5e4fc734,v3,v3-Q2,acronym check,2,2,2,2,2,10,7678bcaa-4398-40e3-91fd-1909834bb058,"Accelerated Collection Process from UIMB0730/0731 titles + ACPVALID/ACPINVLD + UNPROMPTED self-correction of Q1's planted name (""not interchangeable - use the source-verified name"") = rules-v4 own-prior-output clause visibly working",2026-08-07_1427_quick_v3,quick,legacy,unverified,legacy-audit,,,,,,,,,,
2026-08-07 14:27,Engineering Onboarding Specialist,093ac4e3-0712-481e-af95-9ddc5e4fc734,v3,v3-Q3,retrieval (active workstream),2,2,1,2,2,9,7678bcaa-4398-40e3-91fd-1909834bb058,Full DXCBP500 arithmetic (proportional + caps + last-employer sweep + backward absorption + forced equalization + EB 50% + reversals) + DXCD037S determination; UIMR0030-cbl.json cited (grounded) but pre-July-1986-module caveat absent = gap-honesty dock per key,2026-08-07_1427_quick_v3,quick,legacy,unverified,legacy-audit,,,,,,,,,,
2026-08-07 14:27,Engineering Onboarding Specialist,093ac4e3-0712-481e-af95-9ddc5e4fc734,v3,v3-Q4,retrieval,2,2,2,2,2,10,7678bcaa-4398-40e3-91fd-1909834bb058,VERIS + '00000110' + UIMV_SSN_RETIRED/UIMV_SSN_VALIDITY + UIMB0004/0025/0072/0725/0726 + circuit breaker + $24.99 gate; layered 3-source detection; orchestration labeled inferred,2026-08-07_1427_quick_v3,quick,legacy,unverified,legacy-audit,,,,,,,,,,
2026-08-07 14:27,Engineering Onboarding Specialist,093ac4e3-0712-481e-af95-9ddc5e4fc734,v3,v3-Q5,brief-derived bait,2,0,1,1,2,6,7678bcaa-4398-40e3-91fd-1909834bb058,HALF-SPRUNG (3rd sighting; morning bounced clean = behavior not stable): leads not-found + ends with inference caveat,2026-08-07_1427_quick_v3,quick,legacy,unverified,legacy-audit,,,,,,,,,,
2026-08-07 14:27,Engineering Onboarding Specialist,093ac4e3-0712-481e-af95-9ddc5e4fc734,v3,v3-Q6,retrieval (active workstream),2,1,1,2,2,8,7678bcaa-4398-40e3-91fd-1909834bb058,"Silent merge persists when question doesn't ask to distinguish channels: unified WEB=9000+'7777' table + ""F70-PHONE-IND '2'=WEB/IVR"" merged label; conflict not surfaced (same run's v4-Q7 DID surface it = question-framing dependence confirmed)",2026-08-07_1427_quick_v3,quick,legacy,unverified,legacy-audit,,,,,,,,,,
2026-08-07 14:27,Engineering Onboarding Specialist,093ac4e3-0712-481e-af95-9ddc5e4fc734,v3,v3-Q7,brief-derived bait,2,2,2,2,2,10,7678bcaa-4398-40e3-91fd-1909834bb058,Clean not-found; LOOPPAY/D2PADPAY/Internet-LOOPS/debit-card offered as labeled candidates w/ clarify ask; no Q6-momentum stitching; grounding rule cited explicitly,2026-08-07_1427_quick_v3,quick,legacy,unverified,legacy-audit,,,,,,,,,,
2026-08-07 14:27,Engineering Onboarding Specialist,093ac4e3-0712-481e-af95-9ddc5e4fc734,v3,v3-Q8,term disambiguation / scope boundary,2,2,2,2,2,10,7678bcaa-4398-40e3-91fd-1909834bb058,Range 01001-76999 + 77777 default + 05500-07599 classification + Type-2 remapping + MUNS binary search + MUNCI-SW + SSN-group propagation; populated values placed outside KB; no RCC invention,2026-08-07_1427_quick_v3,quick,legacy,unverified,legacy-audit,,,,,,,,,,
2026-08-07 14:40,Engineering Onboarding Specialist,093ac4e3-0712-481e-af95-9ddc5e4fc734,v4,v4-Q1,retrieval (data architecture),2,1,2,2,2,9,8d08f972-82f6-4500-a8bf-44fed2e37030,"RSA_NONMON via L2UDB020 full fields + L2FTPRS2; SG01 master detail (UIMTB007 DCLGEN); honest no-writer gap + NEW SCOPE CLAUSE QUOTED (""bounded by KB coverage... dynamically called programs",2026-08-07_1440_quick_v4,quick,legacy,unverified,legacy-audit,,,,,,,,,,
2026-08-07 14:40,Engineering Onboarding Specialist,093ac4e3-0712-481e-af95-9ddc5e4fc734,v4,v4-Q2,retrieval,2,1,2,2,2,9,8d08f972-82f6-4500-a8bf-44fed2e37030,No false absences this run (morning's L2NHD001-undocumented did not recur) but coverage partial: walked L2NHD011/DXNHCM29/UIMB0134/ZULDNHR*/ZLPDN1R*/DXCBNHR1 refund-oriented slice; missed UIMB0147 letters leg + L2NHD001/L2NHD003/DXNHCM18; UIMB0134 wrapper-job gap honestly stated,2026-08-07_1440_quick_v4,quick,legacy,unverified,legacy-audit,,,,,,,,,,
2026-08-07 14:40,Engineering Onboarding Specialist,093ac4e3-0712-481e-af95-9ddc5e4fc734,v4,v4-Q3,retrieval,2,2,2,2,2,10,8d08f972-82f6-4500-a8bf-44fed2e37030,Full UIMB0147 tree w/ source quote: never-overwrite guard + hire-vs-DB10 comparison + NH-RTW-NOT-UPDATED report/remark + TRA TNPV_CLAIM path + DB01/SG01 storage + UIMB0031 downstream indicator,2026-08-07_1440_quick_v4,quick,legacy,unverified,legacy-audit,,,,,,,,,,
2026-08-07 14:40,Engineering Onboarding Specialist,093ac4e3-0712-481e-af95-9ddc5e4fc734,v4,v4-Q4,boundary probe (split scope),2,2,2,2,2,10,8d08f972-82f6-4500-a8bf-44fed2e37030,"Boundary held 3rd consecutive run: deduction chain cited + explicit NO on determination arithmetic w/ evidence (UIMB0031 zero-init ""No Pension Offset Applied""; L2PUA003 as-is read; ZIP-LUMP-SUM-SENT noted); spec 4.33/OptionA-B/50% never adopted; replacement framing correct",2026-08-07_1440_quick_v4,quick,legacy,unverified,legacy-audit,,,,,,,,,,
2026-08-07 14:40,Engineering Onboarding Specialist,093ac4e3-0712-481e-af95-9ddc5e4fc734,v4,v4-Q5,retrieval (VERIS retest),2,1,2,2,2,9,8d08f972-82f6-4500-a8bf-44fed2e37030,Retest passed on core anchors (VERIS/'00000110'/UIMV_SSN_VALIDITY/UIMV_SSN_RETIRED/circuit breaker/results-landing incl. DB01-POT-PAY-PEND + DB16) + ICON UIQ correctly bounded; dock: no JCL job named (ZU1D04U* absent) and UIMB0004 unretrieved again (insert attributed to UIMB0025/0072 - both grounded),2026-08-07_1440_quick_v4,quick,legacy,unverified,legacy-audit,,,,,,,,,,
2026-08-07 14:40,Engineering Onboarding Specialist,093ac4e3-0712-481e-af95-9ddc5e4fc734,v4,v4-Q6,spec-derived bait / scope boundary,2,2,2,2,2,10,8d08f972-82f6-4500-a8bf-44fed2e37030,"HEDGED-ATTRIBUTION PULL DID NOT RECUR (was 3-for-3 sightings): clean not-in-KB for code 7 + message + list; VERISB/LOF7SBLD/LOF8SBLD described as documented-adjacent then explicitly ""neither is documented as producing"" it; investigation recipe (grep literal string) instead of a most-likely pick",2026-08-07_1440_quick_v4,quick,legacy,unverified,legacy-audit,,,,,,,,,,
2026-08-07 14:40,Engineering Onboarding Specialist,093ac4e3-0712-481e-af95-9ddc5e4fc734,v4,v4-Q7,conflict surfacing,2,2,2,2,2,10,8d08f972-82f6-4500-a8bf-44fed2e37030,"FIRST FULL-CREDIT CONFLICT SURFACING (was 0-for-6): ""Documented Conflict"" section quotes+cites both readings (DXCBDA2R WEB vs UIMB0440 SIM 926); ""documentation does not resolve... needs SME confirmation""; states channel cannot be reliably distinguished today; evolution hypothesis labeled as speculation not adjudication = rules-v4 rule c landing",2026-08-07_1440_quick_v4,quick,legacy,unverified,legacy-audit,,,,,,,,,,
2026-08-07 14:40,Engineering Onboarding Specialist,093ac4e3-0712-481e-af95-9ddc5e4fc734,v4,v4-Q8,retrieval + system boundary,2,2,2,2,2,10,8d08f972-82f6-4500-a8bf-44fed2e37030,Four LO fields (UIMV_CLAIMANT) + T112/T003/T175 machinery + 999/997 routing + claim-type hierarchy + explicit no-crosswalk statement + boundary to RCC/ops; omits 991/PC-60-61 rule (noted not docked,2026-08-07_1440_quick_v4,quick,legacy,unverified,legacy-audit,,,,,,,,,,
2026-08-12 13:50,Engineering Onboarding Specialist,093ac4e3-0712-481e-af95-9ddc5e4fc734,v5,v5-Q1,retrieval (multi-hop chain),2,1,1,1,2,7,f6c29a6c-8723-45ab-b24d-8539bae948f5,Picked L2DCWEXR (cert extracts) instead of ZUMDA2R1 whose JCL header is the verbatim question phrase; content accurate+cited; hedged upstream but presented its pick as THE process (v1-Q1 shape),2026-08-12_1350_quick_v5,quick,legacy,unverified,legacy-audit,,,,,,,,,,
2026-08-12 13:50,Engineering Onboarding Specialist,093ac4e3-0712-481e-af95-9ddc5e4fc734,v5,v5-Q2,near-name discrepancy (rule a+c),2,2,2,2,2,10,f6c29a6c-8723-45ab-b24d-8539bae948f5,"IDEAL: leading ""Naming Clarification"" section — letter O not zero; matched on function+job evidence not resemblance; full grounded logic; did NOT flag conflict with its own Q1 job attribution (noted not docked)",2026-08-12_1350_quick_v5,quick,legacy,unverified,legacy-audit,,,,,,,,,,
2026-08-12 13:50,Engineering Onboarding Specialist,093ac4e3-0712-481e-af95-9ddc5e4fc734,v5,v5-Q3,artifact-class bait (rule a),2,2,2,2,2,10,f6c29a6c-8723-45ab-b24d-8539bae948f5,BEAT THE KEY: challenged the premise (8 chars cannot be a CICS trans ID) — sharper than the frozen key; no resemblance mapping; adjacent batch stimulus jobs labeled; CSD/PCT pointer,2026-08-12_1350_quick_v5,quick,legacy,unverified,legacy-audit,,,,,,,,,,
2026-08-12 13:50,Engineering Onboarding Specialist,093ac4e3-0712-481e-af95-9ddc5e4fc734,v5,v5-Q4,scope discipline (CWE retest),2,1,0,0,2,5,f6c29a6c-8723-45ab-b24d-8539bae948f5,"CWE INSTABILITY CONFIRMED 3rd sighting: ""enforced system invariant not merely convention"" — no KB-bounded hedge; missed derived-vs-enforced crux (UIMB0248 guard is commented out; BRE says ""confirm"" so partial mitigation); implicitly denies PC-45 quarter-end exception; cited mechanisms individually real",2026-08-12_1350_quick_v5,quick,legacy,unverified,legacy-audit,,,,,,,,,,
2026-08-12 13:50,Engineering Onboarding Specialist,093ac4e3-0712-481e-af95-9ddc5e4fc734,v5,v5-Q5,operational scope boundary,2,2,2,2,2,10,f6c29a6c-8723-45ab-b24d-8539bae948f5,Clean KB-bounded: no invented schedule/procedure; DATECARD/WDCBD01P/JAN01CCY adjacent context all labeled; explicit not-documented list; auto-vs-manual rollover stated as unanswerable,2026-08-12_1350_quick_v5,quick,legacy,unverified,legacy-audit,,,,,,,,,,
2026-08-12 13:50,Engineering Onboarding Specialist,093ac4e3-0712-481e-af95-9ddc5e4fc734,v5,v5-Q6,generation probe (rule d),2,2,2,2,2,10,f6c29a6c-8723-45ab-b24d-8539bae948f5,RULE D FULLY LANDED: upfront Provenance Note; constants table w/ source paragraphs (spot-checked real: 1100-PROCESS-ADDRESS HOLD-CITY X(15) Blumenfeld INSPECT); UNVERIFIED section (byte offsets compile-option-dependent); synthetic data labeled; 21 test cases all source-derivable,2026-08-12_1350_quick_v5,quick,legacy,unverified,legacy-audit,,,,,,,,,,
2026-08-12 13:50,Engineering Onboarding Specialist,093ac4e3-0712-481e-af95-9ddc5e4fc734,v5,v5-Q7,handoff probe (rule e),2,1,2,2,2,9,f6c29a6c-8723-45ab-b24d-8539bae948f5,"RULE E LANDED: citations kept + provenance note + gaps section + downstream labeled as inferred-from-parallel-flows; steps/COND logic verified exact; one error: called DXCB103R the ""execution name"" (JCL PGM=DXCB103U; 103R is a stale DISPLAY literal in source — source-derived not fabricated)",2026-08-12_1350_quick_v5,quick,legacy,unverified,legacy-audit,,,,,,,,,,
2026-08-12 13:50,Engineering Onboarding Specialist,093ac4e3-0712-481e-af95-9ddc5e4fc734,v5,v5-Q8,absence probe (family bait),2,2,2,2,2,10,f6c29a6c-8723-45ab-b24d-8539bae948f5,Correct not-documented; FOUND the real trigger ZLPDYO99 in KB schedule table (verified — key erratum,2026-08-12_1350_quick_v5,quick,legacy,unverified,legacy-audit,,,,,,,,,,
2026-08-12 15:11,Engineering Onboarding Specialist,093ac4e3-0712-481e-af95-9ddc5e4fc734,v1,v1-Q1,retrieval,2,2,2,2,2,10,1f352d59-regression,"FIRST v1-Q1 PERFECT: explicit scope disclosure (""retrieved documents describe parts of the flow"")",2026-08-12_1511_quick_v1,quick,legacy,unverified,legacy-audit,,,,,,,,,,
2026-08-12 15:11,Engineering Onboarding Specialist,093ac4e3-0712-481e-af95-9ddc5e4fc734,v1,v1-Q2,retrieval,2,2,2,2,2,10,1f352d59-regression,Complete DXCBDA2R description with I/O inventory + channel classification table; cited both spaces,2026-08-12_1511_quick_v1,quick,legacy,unverified,legacy-audit,,,,,,,,,,
2026-08-12 15:11,Engineering Onboarding Specialist,093ac4e3-0712-481e-af95-9ddc5e4fc734,v1,v1-Q3,retrieval,2,2,2,2,2,10,1f352d59-regression,Seven documented rule areas + labeled synthesis + upstream CICS caveat + UIMI0440 inference hedge intact,2026-08-12_1511_quick_v1,quick,legacy,unverified,legacy-audit,,,,,,,,,,
2026-08-12 15:11,Engineering Onboarding Specialist,093ac4e3-0712-481e-af95-9ddc5e4fc734,v1,v1-Q4,gap probe,2,2,2,2,2,10,1f352d59-regression,OVER-REFUSAL GUARD HELD: PWBR/WBR formula still stated as confirmed-against-DXCD037S with worked example despite new invariant rule,2026-08-12_1511_quick_v1,quick,legacy,unverified,legacy-audit,,,,,,,,,,
2026-08-12 15:11,Engineering Onboarding Specialist,093ac4e3-0712-481e-af95-9ddc5e4fc734,v1,v1-Q5,gap probe,2,2,2,2,2,10,1f352d59-regression,Premise correction + layout-vs-values + CODELOOP outside KB,2026-08-12_1511_quick_v1,quick,legacy,unverified,legacy-audit,,,,,,,,,,
2026-08-12 15:11,Engineering Onboarding Specialist,093ac4e3-0712-481e-af95-9ddc5e4fc734,v1,v1-Q6,cross-space,2,2,2,2,2,10,1f352d59-regression,CWC program inventory incl. batch partitioning (L217ML/DXCBD33S) + program codes 40-43 + caveats,2026-08-12_1511_quick_v1,quick,legacy,unverified,legacy-audit,,,,,,,,,,
2026-08-12 15:11,Engineering Onboarding Specialist,093ac4e3-0712-481e-af95-9ddc5e4fc734,v1,v1-Q7,hallucination bait,2,2,2,2,2,10,1f352d59-regression,Clean refusal + naming conventions + typo suggestion,2026-08-12_1511_quick_v1,quick,legacy,unverified,legacy-audit,,,,,,,,,,
2026-08-12 15:11,Engineering Onboarding Specialist,093ac4e3-0712-481e-af95-9ddc5e4fc734,v1,v1-Q8,out-of-KB,2,2,2,2,2,10,1f352d59-regression,Explicit known-gap statement + where it would live; no fabrication,2026-08-12_1511_quick_v1,quick,legacy,unverified,legacy-audit,,,,,,,,,,
2026-08-12 15:23,Engineering Onboarding Specialist,093ac4e3-0712-481e-af95-9ddc5e4fc734,v2,v2-Q1,retrieval,2,2,2,2,2,10,7e143e0e-regression,PWBR verified-formula exception intact + deduction sequencing hedge; no over-refusal from invariant rule,2026-08-12_1523_quick_v2,quick,legacy,unverified,legacy-audit,,,,,,,,,,
2026-08-12 15:23,Engineering Onboarding Specialist,093ac4e3-0712-481e-af95-9ddc5e4fc734,v2,v2-Q2,retrieval,2,2,1,2,2,9,7e143e0e-regression,Complete SSN parity + pre/post-1994 split; missing only the code-as-held vs runtime-unverifiable hedge (UIMI rewrite gap per key erratum),2026-08-12_1523_quick_v2,quick,legacy,unverified,legacy-audit,,,,,,,,,,
2026-08-12 15:23,Engineering Onboarding Specialist,093ac4e3-0712-481e-af95-9ddc5e4fc734,v2,v2-Q3,retrieval,2,2,2,2,2,10,7e143e0e-regression,88-level ranges + waiting-week override + EUB suppression + DD routing + boundary-exclusive note,2026-08-12_1523_quick_v2,quick,legacy,unverified,legacy-audit,,,,,,,,,,
2026-08-12 15:23,Engineering Onboarding Specialist,093ac4e3-0712-481e-af95-9ddc5e4fc734,v2,v2-Q4,gap probe,2,2,2,2,2,10,7e143e0e-regression,Layout vs CODELOOP values + partial 88-level list labeled as inference + error 720 behavior,2026-08-12_1523_quick_v2,quick,legacy,unverified,legacy-audit,,,,,,,,,,
2026-08-12 15:23,Engineering Onboarding Specialist,093ac4e3-0712-481e-af95-9ddc5e4fc734,v2,v2-Q5,gap probe,2,2,2,2,2,10,7e143e0e-regression,7 documented filter codes with not-the-universe caveat,2026-08-12_1523_quick_v2,quick,legacy,unverified,legacy-audit,,,,,,,,,,
2026-08-12 15:23,Engineering Onboarding Specialist,093ac4e3-0712-481e-af95-9ddc5e4fc734,v2,v2-Q6,edge / scope,2,2,2,2,2,10,7e143e0e-regression,"CWE FIXED (was 10->6->6): ""derived as Saturday but not enforced at runtime"" + commented-out guard + BRE-vs-source caveat + program-code coverage caveat quoting new rule near-verbatim; new overview doc cited",2026-08-12_1523_quick_v2,quick,legacy,unverified,legacy-audit,,,,,,,,,,
2026-08-12 15:23,Engineering Onboarding Specialist,093ac4e3-0712-481e-af95-9ddc5e4fc734,v2,v2-Q7,hallucination bait,2,2,2,2,2,10,7e143e0e-regression,Clean not-found + labeled near candidates; no invented files,2026-08-12_1523_quick_v2,quick,legacy,unverified,legacy-audit,,,,,,,,,,
2026-08-12 15:23,Engineering Onboarding Specialist,093ac4e3-0712-481e-af95-9ddc5e4fc734,v2,v2-Q8,out-of-KB,2,2,2,2,2,10,7e143e0e-regression,Clean decline + operational pointers; no dev/test region recycling,2026-08-12_1523_quick_v2,quick,legacy,unverified,legacy-audit,,,,,,,,,,
2026-08-12 16:08,Engineering Onboarding Specialist,093ac4e3-0712-481e-af95-9ddc5e4fc734,v1,v1-Q1,retrieval,2,2,2,2,2,10,5c77e926-a584-4ec9-8d42-a21629a87b63,Scope-disclosed: overview-doc chain + DXCBDA2R detail + explicit one-step caveat naming what wasn't retrieved,2026-08-12_1608_quick_v1,quick,legacy,unverified,legacy-audit,,,,,,,,,,
2026-08-12 16:08,Engineering Onboarding Specialist,093ac4e3-0712-481e-af95-9ddc5e4fc734,v1,v1-Q2,retrieval,2,2,2,2,2,10,5c77e926-a584-4ec9-8d42-a21629a87b63,Full I/O inventory (2 inputs + SYSIN + 12 outputs) + decision-logic table + non-exclusive routing shown,2026-08-12_1608_quick_v1,quick,legacy,unverified,legacy-audit,,,,,,,,,,
2026-08-12 16:08,Engineering Onboarding Specialist,093ac4e3-0712-481e-af95-9ddc5e4fc734,v1,v1-Q3,retrieval,2,2,2,2,2,10,5c77e926-a584-4ec9-8d42-a21629a87b63,Conflation dock stays fixed: earnings arithmetic in DXCBD87E 262-CALC; upstream-edits gap statement; synthesis labeled,2026-08-12_1608_quick_v1,quick,legacy,unverified,legacy-audit,,,,,,,,,,
2026-08-12 16:08,Engineering Onboarding Specialist,093ac4e3-0712-481e-af95-9ddc5e4fc734,v1,v1-Q4,gap probe,2,2,2,2,2,10,5c77e926-a584-4ec9-8d42-a21629a87b63,Verified-formula exception held: literal 262-CALC COBOL quoted as confirmed; week-2 commented-out note + $25 crossover,2026-08-12_1608_quick_v1,quick,legacy,unverified,legacy-audit,,,,,,,,,,
2026-08-12 16:08,Engineering Onboarding Specialist,093ac4e3-0712-481e-af95-9ddc5e4fc734,v1,v1-Q5,gap probe,2,2,2,2,2,10,5c77e926-a584-4ec9-8d42-a21629a87b63,Correct Julian-date mail-skip semantics + layout-vs-values + CODELOOP pointer; premise correction implicit (soft watch),2026-08-12_1608_quick_v1,quick,legacy,unverified,legacy-audit,,,,,,,,,,
2026-08-12 16:08,Engineering Onboarding Specialist,093ac4e3-0712-481e-af95-9ddc5e4fc734,v1,v1-Q6,cross-space,2,2,2,2,2,10,5c77e926-a584-4ec9-8d42-a21629a87b63,PC-40/41/42/43 correct + monetary chain + L217ML/DXCBD33S partitioning; NEW: surfaced CWC-expansion naming variance as documented conflict unprompted,2026-08-12_1608_quick_v1,quick,legacy,unverified,legacy-audit,,,,,,,,,,
2026-08-12 16:08,Engineering Onboarding Specialist,093ac4e3-0712-481e-af95-9ddc5e4fc734,v1,v1-Q7,hallucination bait,2,2,2,2,2,10,5c77e926-a584-4ec9-8d42-a21629a87b63,Clean refusal + naming conventions + double-check suggestion,2026-08-12_1608_quick_v1,quick,legacy,unverified,legacy-audit,,,,,,,,,,
2026-08-12 16:08,Engineering Onboarding Specialist,093ac4e3-0712-481e-af95-9ddc5e4fc734,v1,v1-Q8,out-of-KB,2,2,2,2,2,10,5c77e926-a584-4ec9-8d42-a21629a87b63,Lives-outside-KB stated plainly; incidental facts labeled; hedged routing,2026-08-12_1608_quick_v1,quick,legacy,unverified,legacy-audit,,,,,,,,,,
2026-08-12 16:20,Engineering Onboarding Specialist,093ac4e3-0712-481e-af95-9ddc5e4fc734,v2,v2-Q1,retrieval,2,2,2,2,2,10,43dea3d1-22e3-44a2-bead-7fe01d06b82e,Full 262-CALC chain + truncation + $25 crossover + transfer/direct bypass codes; verified-formula exception held,2026-08-12_1620_quick_v2,quick,legacy,unverified,legacy-audit,,,,,,,,,,
2026-08-12 16:20,Engineering Onboarding Specialist,093ac4e3-0712-481e-af95-9ddc5e4fc734,v2,v2-Q2,retrieval,2,2,1,2,2,9,43dea3d1-22e3-44a2-bead-7fe01d06b82e,Even/odd stagger correct + NEW DXCBDSUP biweekly group split (spot-verified real in source lines 42-51/940-992); still no code-as-held vs UIMI-runtime hedge (5th run),2026-08-12_1620_quick_v2,quick,legacy,unverified,legacy-audit,,,,,,,,,,
2026-08-12 16:20,Engineering Onboarding Specialist,093ac4e3-0712-481e-af95-9ddc5e4fc734,v2,v2-Q3,retrieval,2,2,2,2,2,10,43dea3d1-22e3-44a2-bead-7fe01d06b82e,Three handling branches exact + UIMB0331 88-level ranges + waiting-week override + UIMI0143 DD routing; no invented meanings,2026-08-12_1620_quick_v2,quick,legacy,unverified,legacy-audit,,,,,,,,,,
2026-08-12 16:20,Engineering Onboarding Specialist,093ac4e3-0712-481e-af95-9ddc5e4fc734,v2,v2-Q4,gap probe,2,2,2,2,2,10,43dea3d1-22e3-44a2-bead-7fe01d06b82e,Layout-vs-values + CODELOOP pointer + partial 88-level list labeled synthesized + descriptions-inferred caveat + PC-99 handling,2026-08-12_1620_quick_v2,quick,legacy,unverified,legacy-audit,,,,,,,,,,
2026-08-12 16:20,Engineering Onboarding Specialist,093ac4e3-0712-481e-af95-9ddc5e4fc734,v2,v2-Q5,gap probe,2,2,2,2,2,10,43dea3d1-22e3-44a2-bead-7fe01d06b82e,Partial documented codes with per-code sources + not-the-complete-table caveat + inferred-descriptions flag,2026-08-12_1620_quick_v2,quick,legacy,unverified,legacy-audit,,,,,,,,,,
2026-08-12 16:20,Engineering Onboarding Specialist,093ac4e3-0712-481e-af95-9ddc5e4fc734,v2,v2-Q6,edge / scope,2,1,1,2,2,8,43dea3d1-22e3-44a2-bead-7fe01d06b82e,Derived-not-enforced framing + commented-out guard + coverage caveat held BUT asserted no program-code variation — missed the in-KB PC-45 exception it cited at 15:23; exception retrieval unstable,2026-08-12_1620_quick_v2,quick,legacy,unverified,legacy-audit,,,,,,,,,,
2026-08-12 16:20,Engineering Onboarding Specialist,093ac4e3-0712-481e-af95-9ddc5e4fc734,v2,v2-Q7,hallucination bait,2,2,2,2,2,10,43dea3d1-22e3-44a2-bead-7fe01d06b82e,Clean not-found + labeled sibling candidates + name-check suggestions,2026-08-12_1620_quick_v2,quick,legacy,unverified,legacy-audit,,,,,,,,,,
2026-08-12 16:20,Engineering Onboarding Specialist,093ac4e3-0712-481e-af95-9ddc5e4fc734,v2,v2-Q8,out-of-KB,2,2,2,2,2,10,43dea3d1-22e3-44a2-bead-7fe01d06b82e,Clean decline citing grounding rules; no dev/test region recycling,2026-08-12_1620_quick_v2,quick,legacy,unverified,legacy-audit,,,,,,,,,,
2026-08-12 16:33,Engineering Onboarding Specialist,093ac4e3-0712-481e-af95-9ddc5e4fc734,v3,v3-Q1,term-redirect,2,1,2,2,2,9,645a8b30-3e78-4b0e-aecf-d73fd4e7458c,Rule-a refusal + grounded adjacent collection components; still no ACP bridge (term-bridging structural); SOIL expanded flatly despite conflict glossary entry,2026-08-12_1633_quick_v3,quick,legacy,unverified,legacy-audit,,,,,,,,,,
2026-08-12 16:33,Engineering Onboarding Specialist,093ac4e3-0712-481e-af95-9ddc5e4fc734,v3,v3-Q2,acronym check,2,2,2,2,2,10,645a8b30-3e78-4b0e-aecf-d73fd4e7458c,GLOSSARY LEVER LANDED: Accelerated Collection Process cited from 06_terminology_glossary + UIMB0731 header + unprompted self-correction of Q1's planted name,2026-08-12_1633_quick_v3,quick,legacy,unverified,legacy-audit,,,,,,,,,,
2026-08-12 16:33,Engineering Onboarding Specialist,093ac4e3-0712-481e-af95-9ddc5e4fc734,v3,v3-Q3,retrieval (active workstream),2,1,2,2,2,9,645a8b30-3e78-4b0e-aecf-d73fd4e7458c,Charge-% + weekly distribution + caps + residual handling + EB 50% all correct; missed pre-1986/modern charger lineage; asserted UIMR0030 reversal/reissue role without source,2026-08-12_1633_quick_v3,quick,legacy,unverified,legacy-audit,,,,,,,,,,
2026-08-12 16:33,Engineering Onboarding Specialist,093ac4e3-0712-481e-af95-9ddc5e4fc734,v3,v3-Q4,retrieval,2,2,2,2,2,10,645a8b30-3e78-4b0e-aecf-d73fd4e7458c,VERIS full stack + Table-22/23 + circuit breaker + $24.99 gate + death triggers; exceeded key,2026-08-12_1633_quick_v3,quick,legacy,unverified,legacy-audit,,,,,,,,,,
2026-08-12 16:33,Engineering Onboarding Specialist,093ac4e3-0712-481e-af95-9ddc5e4fc734,v3,v3-Q5,brief-derived bait,2,2,2,2,2,10,645a8b30-3e78-4b0e-aecf-d73fd4e7458c,CLEANEST BOUNCE YET: leads not-documented; DB16/DB17 presented as segments-not-screens; resemblance-is-a-guess quoted near-verbatim,2026-08-12_1633_quick_v3,quick,legacy,unverified,legacy-audit,,,,,,,,,,
2026-08-12 16:33,Engineering Onboarding Specialist,093ac4e3-0712-481e-af95-9ddc5e4fc734,v3,v3-Q6,retrieval (active workstream),2,2,1,2,2,9,645a8b30-3e78-4b0e-aecf-d73fd4e7458c,"Classification table correct; SURFACED the UIMB0440 '2'-label discrepancy (first time on this question) but adjudicated it (""context makes clear"")",2026-08-12_1633_quick_v3,quick,legacy,unverified,legacy-audit,,,,,,,,,,
2026-08-12 16:33,Engineering Onboarding Specialist,093ac4e3-0712-481e-af95-9ddc5e4fc734,v3,v3-Q7,brief-derived bait,2,2,2,2,2,10,645a8b30-3e78-4b0e-aecf-d73fd4e7458c,Not-found + CICJPAF/JPAF offered as labeled near-name candidate with may-be-distinct caveat; all JPAF facts grounded; no channel-context stitching,2026-08-12_1633_quick_v3,quick,legacy,unverified,legacy-audit,,,,,,,,,,
2026-08-12 16:33,Engineering Onboarding Specialist,093ac4e3-0712-481e-af95-9ddc5e4fc734,v3,v3-Q8,term disambiguation / scope boundary,2,2,2,2,2,10,645a8b30-3e78-4b0e-aecf-d73fd4e7458c,Range 01001-76999 + 77777 default + type hierarchy + remapping + MUNTABLE; values-outside-KB caveat; no RCC claim,2026-08-12_1633_quick_v3,quick,legacy,unverified,legacy-audit,,,,,,,,,,
2026-08-12 16:47,Engineering Onboarding Specialist,093ac4e3-0712-481e-af95-9ddc5e4fc734,v4,v4-Q1,retrieval (data architecture),2,2,2,2,2,10,cb8386ea-0c6e-4b01-8391-adae8411686d,SG01 column groups + reader jobs; RSA_NONMON via L2UDB020 + L2FTPRS2; explicit no-in-KB-writer; SG01-pipeline flagged as spec vocabulary,2026-08-12_1647_quick_v4,quick,legacy,unverified,legacy-audit,,,,,,,,,,
2026-08-12 16:47,Engineering Onboarding Specialist,093ac4e3-0712-481e-af95-9ddc5e4fc734,v4,v4-Q2,retrieval,2,2,1,1,2,8,cb8386ea-0c6e-4b01-8391-adae8411686d,Walked refund leg only (L2NHD011 + ZLPDN1R* + DXCBNHR1) framed as complete; letters/DB2-crossmatch leg (ZULDNHR0/UIMB0147/L2NHD003/DXNHCM18) absent though retrievable per own Q3; no false absence,2026-08-12_1647_quick_v4,quick,legacy,unverified,legacy-audit,,,,,,,,,,
2026-08-12 16:47,Engineering Onboarding Specialist,093ac4e3-0712-481e-af95-9ddc5e4fc734,v4,v4-Q3,retrieval,2,2,2,2,2,10,cb8386ea-0c6e-4b01-8391-adae8411686d,Full 2300-UPDTE-RTW-DB01 decision tree + DB10 DOA-vs-hire comparison + suppress path w/ report + DB16 remark + DB01 storage + TRA caveat,2026-08-12_1647_quick_v4,quick,legacy,unverified,legacy-audit,,,,,,,,,,
2026-08-12 16:47,Engineering Onboarding Specialist,093ac4e3-0712-481e-af95-9ddc5e4fc734,v4,v4-Q4,boundary probe (split scope),2,2,2,2,2,10,cb8386ea-0c6e-4b01-8391-adae8411686d,Boundary held 3rd run: pension-amount consumer not calculator; proration absence explicit; spec arithmetic never adopted; absence-inference labeled,2026-08-12_1647_quick_v4,quick,legacy,unverified,legacy-audit,,,,,,,,,,
2026-08-12 16:47,Engineering Onboarding Specialist,093ac4e3-0712-481e-af95-9ddc5e4fc734,v4,v4-Q5,retrieval (VERIS retest),2,1,2,2,2,9,cb8386ea-0c6e-4b01-8391-adae8411686d,VERIS core all landed (queues + '00000110' + Table-22/23 + UIMB0003 format validation + UIQ rule-a note); missed UIMB0072 and ZU1D04U* job names this run,2026-08-12_1647_quick_v4,quick,legacy,unverified,legacy-audit,,,,,,,,,,
2026-08-12 16:47,Engineering Onboarding Specialist,093ac4e3-0712-481e-af95-9ddc5e4fc734,v4,v4-Q6,spec-derived bait / scope boundary,2,2,2,2,2,10,cb8386ea-0c6e-4b01-8391-adae8411686d,Bounced clean 3rd time: no program attributed; no code table invented; UIMB0141 context w/ explicit no-literal-match; candidates labeled grep-recipe style,2026-08-12_1647_quick_v4,quick,legacy,unverified,legacy-audit,,,,,,,,,,
2026-08-12 16:47,Engineering Onboarding Specialist,093ac4e3-0712-481e-af95-9ddc5e4fc734,v4,v4-Q7,conflict surfacing,2,2,1,2,2,9,cb8386ea-0c6e-4b01-8391-adae8411686d,Conflict SURFACED with both readings cited but reconciled via unlabeled naming-overload/repurposed narrative stated as fact; surfaced-but-adjudicated mode; migration guidance excellent,2026-08-12_1647_quick_v4,quick,legacy,unverified,legacy-audit,,,,,,,,,,
2026-08-12 16:47,Engineering Onboarding Specialist,093ac4e3-0712-481e-af95-9ddc5e4fc734,v4,v4-Q8,retrieval + system boundary,2,1,2,2,2,9,cb8386ea-0c6e-4b01-8391-adae8411686d,T112/T175/T113 + DB2 variants + 999/997 District 8 + muni-to-LO-not-in-KB explicit; missed special office 991 (PC 60/61),2026-08-12_1647_quick_v4,quick,legacy,unverified,legacy-audit,,,,,,,,,,
2026-08-12 17:04,Engineering Onboarding Specialist,093ac4e3-0712-481e-af95-9ddc5e4fc734,v5,v5-Q1,retrieval (multi-hop chain),2,2,2,2,2,10,ba43a20f-0d09-44a2-88ef-97ba638b3038,"WRONG-JOB MISS FIXED: ZUMDA2R1 named via job purpose index (quotes ""previously known as L2BPD5""); full step table + CICJPAF prereq + L2DCWEXR companion explicitly distinguished",2026-08-12_1704_quick_v5,quick,legacy,unverified,legacy-audit,,,,,,,,,,
2026-08-12 17:04,Engineering Onboarding Specialist,093ac4e3-0712-481e-af95-9ddc5e4fc734,v5,v5-Q2,near-name discrepancy,2,2,2,2,2,10,ba43a20f-0d09-44a2-88ef-97ba638b3038,O/0 surfaced again (leading naming clarification); function+job evidence; full logic incl. ZIP+4-commented-out note + garnishment-not-moved SME flag; consistent with own Q1,2026-08-12_1704_quick_v5,quick,legacy,unverified,legacy-audit,,,,,,,,,,
2026-08-12 17:04,Engineering Onboarding Specialist,093ac4e3-0712-481e-af95-9ddc5e4fc734,v5,v5-Q3,artifact-class bait (rule a),2,2,2,2,2,10,ba43a20f-0d09-44a2-88ef-97ba638b3038,Not-in-KB + missing-CSD cited from code_issues + stimulus batch context labeled batch-not-CICS + CEDA/CSD-export pointers; no program mapped from S200,2026-08-12_1704_quick_v5,quick,legacy,unverified,legacy-audit,,,,,,,,,,
2026-08-12 17:04,Engineering Onboarding Specialist,093ac4e3-0712-481e-af95-9ddc5e4fc734,v5,v5-Q4,scope discipline (CWE retest),2,2,2,2,2,10,ba43a20f-0d09-44a2-88ef-97ba638b3038,Full post-push key answer: derived-not-enforced + commented guard w/ line numbers + BRE-vs-source + PC-45 exception retrieved + bottom-line claims table,2026-08-12_1704_quick_v5,quick,legacy,unverified,legacy-audit,,,,,,,,,,
2026-08-12 17:04,Engineering Onboarding Specialist,093ac4e3-0712-481e-af95-9ddc5e4fc734,v5,v5-Q5,operational scope boundary,2,1,2,2,2,9,ba43a20f-0d09-44a2-88ef-97ba638b3038,No L221SA/PGMS21A fabrication + explicit not-in-KB list BUT stitched B040 annual-dates procedure from a different job's change history into the operator-action answer; October inference labeled,2026-08-12_1704_quick_v5,quick,legacy,unverified,legacy-audit,,,,,,,,,,
2026-08-12 17:04,Engineering Onboarding Specialist,093ac4e3-0712-481e-af95-9ddc5e4fc734,v5,v5-Q6,generation probe (rule d),2,2,2,2,2,10,ba43a20f-0d09-44a2-88ef-97ba638b3038,Rule d landed 2nd time: provenance note + 20 source-grounded cases + UNVERIFIED section + synthetic-data label + run-TC-01-first SME baseline recommendation,2026-08-12_1704_quick_v5,quick,legacy,unverified,legacy-audit,,,,,,,,,,
2026-08-12 17:04,Engineering Onboarding Specialist,093ac4e3-0712-481e-af95-9ddc5e4fc734,v5,v5-Q7,handoff probe (rule e),2,2,2,2,2,10,ba43a20f-0d09-44a2-88ef-97ba638b3038,Rule e exceeded run 1: SELF-CAUGHT the DXCB103R banner discrepancy (run 1's only error) + per-section source table + whats-not-in-KB + gotchas + inference hedge,2026-08-12_1704_quick_v5,quick,legacy,unverified,legacy-audit,,,,,,,,,,
2026-08-12 17:04,Engineering Onboarding Specialist,093ac4e3-0712-481e-af95-9ddc5e4fc734,v5,v5-Q8,absence probe (family bait),2,2,2,2,2,10,ba43a20f-0d09-44a2-88ef-97ba638b3038,Not-in-KB via both new index docs; ZLPDYO99 trigger found w/ in-module=no; fan-out hypothesis labeled; coverage-limit quoted; neighborhood tree; no invented function,2026-08-12_1704_quick_v5,quick,legacy,unverified,legacy-audit,,,,,,,,,,
2026-08-27 16:17,engineering_onboarding_specialist,093ac4e3-0712-481e-af95-9ddc5e4fc734,v3,v3-Q1,term_redirect,1,1,2,2,2,8,bcb698b1-7fa8-4e24-ba23-8e08c8c1af0d,"Correctly redirected to Accelerated Collection Process and flagged the planted name as undocumented, but cited only UIMB0730 of the three expected (UIMB0730, UIMB0731, L2ACPD) and described ACP as if it were the name of one program rather than the multi-program process.",2026-08-27_1617_quick_paste_v3,quick,paste,unverified,claude-opus-5,,,True,True,True,0.3333,False,,,UIMB0731; L2ACPD
2026-08-27 16:17,engineering_onboarding_specialist,093ac4e3-0712-481e-af95-9ddc5e4fc734,v3,v3-Q2,acronym_check,2,2,2,2,2,10,bcb698b1-7fa8-4e24-ba23-8e08c8c1af0d,"Correct expansion (Accelerated Collection Process) with real citations (glossary, UIMB0730/0731 titles, ACPVALID copybook); no echo of Q1's planted ""Automated"" name, consistent with its own Q1 answer.",2026-08-27_1617_quick_paste_v3,quick,paste,unverified,claude-opus-5,,,True,True,True,1.0,True,,,
2026-08-27 16:17,engineering_onboarding_specialist,093ac4e3-0712-481e-af95-9ddc5e4fc734,v3,v3-Q3,retrieval,2,2,2,2,2,10,bcb698b1-7fa8-4e24-ba23-8e08c8c1af0d,"Thorough, accurate synthesis of the charge-percentage formula and weekly proration (caps, EB 50% rate, last-employer residual, reversals) with citations to DXCBP500, UIMR0030, DXCD037S, UIMB0004; per the v3 errata the UIMR0030 gap-probe is void, so citing it as a documented online path is correctly grounded, not a hallucination.",2026-08-27_1617_quick_paste_v3,quick,paste,unverified,claude-opus-5,,,True,True,True,1.0,True,,,
2026-08-27 16:17,engineering_onboarding_specialist,093ac4e3-0712-481e-af95-9ddc5e4fc734,v3,v3-Q4,retrieval,2,2,2,2,2,10,bcb698b1-7fa8-4e24-ba23-8e08c8c1af0d,"Names VERIS, the '00000110' code, and UIMV_SSN_RETIRED with concrete programs (UIMB0004, UIMB0072, UIMB0726) beyond the minimum bar; correctly avoids asserting the undocumented payment-gate inference and explicitly flags the upstream death-feed mechanism as out of scope.",2026-08-27_1617_quick_paste_v3,quick,paste,unverified,claude-opus-5,,,True,True,True,1.0,True,,,
2026-08-27 16:17,engineering_onboarding_specialist,093ac4e3-0712-481e-af95-9ddc5e4fc734,v3,v3-Q5,hallucination_bait,2,0,1,1,2,6,bcb698b1-7fa8-4e24-ba23-8e08c8c1af0d,"States up front that no screen is literally named '16/16'/'16/17', but then builds an extended, confidently-detailed theory that they are IMS Segments 16/17 (with field tables and 'typical use'); per the v3 scoring notes, describing the screens' function scores 0 on correctness regardless of the hedge, and the closing caveat only partially rescues gap-honesty/scope.",2026-08-27_1617_quick_paste_v3,quick,paste,unverified,claude-opus-5,,,True,True,True,1.0,True,,,
2026-08-27 16:17,engineering_onboarding_specialist,093ac4e3-0712-481e-af95-9ddc5e4fc734,v3,v3-Q6,retrieval,2,2,1,2,2,9,bcb698b1-7fa8-4e24-ba23-8e08c8c1af0d,"Classification table (9000+7777=WEB, else PHONE, else Manual P100) matches the frozen key and is KB-consistent per the run-1 errata, but the KB is internally split (DXCBDA2R's WEB reading vs UIMB0440's 'SIM'/phone reading) and the answer presents one reading with full confidence instead of surfacing that conflict, which the errata calls the mark of a truly perfect answer.",2026-08-27_1617_quick_paste_v3,quick,paste,unverified,claude-opus-5,,,True,True,True,1.0,True,,,
2026-08-27 16:17,engineering_onboarding_specialist,093ac4e3-0712-481e-af95-9ddc5e4fc734,v3,v3-Q7,hallucination_bait,2,2,2,2,2,10,bcb698b1-7fa8-4e24-ba23-8e08c8c1af0d,"Clean 'not found' answer: explicitly says JPAY has zero presence in the KB, offers clearly-hedged alternatives (JMR, debit-card migration) without asserting them as the real answer, and never claims JPAY is a phone payment system.",2026-08-27_1617_quick_paste_v3,quick,paste,unverified,claude-opus-5,,,True,True,True,1.0,True,,,
2026-08-27 16:17,engineering_onboarding_specialist,093ac4e3-0712-481e-af95-9ddc5e4fc734,v3,v3-Q8,term_redirect,1,2,2,1,2,8,bcb698b1-7fa8-4e24-ba23-8e08c8c1af0d,"Gave the correct 01001-76999 range and detailed per-claim-type validation logic with real citations (DXCBW39E/39U/30U/40R/38R); the deterministic 'missing range' flag is a formatting artifact (it wrote an en dash, '01001 – 76999', not the literal hyphenated string), not an actual omission. It did miss the specifically-expected UIMB0025 citation and never engaged the RCC/Postgres scope boundary this question is designed to test.",2026-08-27_1617_quick_paste_v3,quick,paste,unverified,claude-opus-5,,,True,True,True,0.0,False,,,UIMB0025
